校名,學系名稱,採計科目及加權(含學測、分科及術科),錄取分數,平均
國立臺灣大學,中國文學系,國x1.50、英x1.25、地x1.00、歷x1.25,264,52.80
國立臺灣大學,外國語文學系,國x1.25、英x2.00、數乙x1.00、地x1.00、歷x1.00,325.75,52.12
國立臺灣大學,歷史學系,國x1.00、英x1.00、地x1.00、歷x1.00、公x1.00,260,52.00
國立臺灣大學,哲學系,國x1.00、英x1.00、歷x1.00、公x1.00,199,49.75
國立臺灣大學,人類學系,國x1.00、英x1.50、地x1.00、歷x1.00、公x1.00,285.5,51.91
國立臺灣大學,圖書資訊學系,國x1.25、英x1.25、數乙x1.00、歷x1.00、公x1.00,283.5,51.55
國立臺灣大學,日本語文學系,國x1.50、英x1.50、地x1.00、歷x1.00、公x1.00,310,51.67
國立臺灣大學,戲劇學系(男),國x1.50、英x1.50、數Bx1.00、地x1.00、歷x1.00,278,46.33
國立臺灣大學,戲劇學系(女),國x1.50、英x1.50、數Bx1.00、地x1.00、歷x1.00,291.5,48.58
國立臺灣大學,數學系,英x1.00、數Ax1.50、數甲x1.50、物x1.00、化x1.00,306.5,51.08
國立臺灣大學,物理學系,英x1.00、數甲x1.50、物x1.50、化x1.00,280,56.00
國立臺灣大學,化學系,國x1.00、英x1.00、數甲x1.00、物x1.00、化x1.00,254,50.80
國立臺灣大學,地質科學系,國x1.00、英x1.00、數甲x1.00、物x1.00、化x1.00,236,47.20
國立臺灣大學,心理學系,國x1.00、英x1.00、數甲x1.00、化x1.00、生x1.00,253,50.60
國立臺灣大學,地理環境資源學系A組,數甲x1.00、物x1.00、化x1.00,143,47.67
國立臺灣大學,地理環境資源學系B組,數乙x1.00、地x1.25、公x1.00,181.5,55.85
國立臺灣大學,大氣科學系,國x1.00、英x1.00、數甲x1.25、物x1.25、化x1.25,274.5,47.74
國立臺灣大學,政治學系政治理論組,國x1.25、英x1.25、社x1.00、地x1.00、歷x1.00,292.25,53.14
國立臺灣大學,政治學系國際關係組,國x1.25、英x1.25、社x1.00、地x1.00、歷x1.00,301.75,54.86
國立臺灣大學,政治學系公共行政組,國x1.25、英x1.25、社x1.00、地x1.00、歷x1.00,293.25,53.32
國立臺灣大學,經濟學系A組,英x1.50、數甲x2.00、物x1.00,228,50.67
國立臺灣大學,經濟學系B組,英x1.50、數乙x2.00、地x1.00、歷x1.00、公x1.00,360,55.38
國立臺灣大學,社會學系,英x1.00、數Bx1.00、地x1.00、歷x1.00、公x1.00,254,50.80
國立臺灣大學,社會工作學系,國x1.25、英x1.25、數Bx1.00、歷x1.00、公x1.00,263.5,47.91
國立臺灣大學,醫學系(自費),英x1.00、數甲x1.00、物x1.00、化x1.00、生x1.00,288,57.60
國立臺灣大學,醫學系(公費),英x1.00、數甲x1.00、物x1.00、化x1.00、生x1.00,266,53.20
國立臺灣大學,牙醫學系,英x1.00、數甲x1.00、物x1.00、化x1.00、生x1.00,285,57.00
國立臺灣大學,藥學系,英x1.00、數甲x1.00、物x1.00、化x2.00、生x2.00,373,53.29
國立臺灣大學,醫學檢驗暨生物技術學系,國x1.00、英x1.00、數甲x1.00、化x1.00、生x1.00,255,51.00
國立臺灣大學,護理學系,國x1.00、英x1.00、數甲x1.00、化x1.00、生x1.00,240,48.00
國立臺灣大學,物理治療學系,英x1.00、數甲x1.00、物x1.00、化x1.00、生x1.00,257,51.40
國立臺灣大學,職能治療學系,國x1.25、英x1.50、數甲x1.00、生x1.00,246,51.79
國立臺灣大學,土木工程學系,國x1.00、英x1.00、數甲x1.00、物x1.00、化x1.00,243,48.60
國立臺灣大學,機械工程學系,國x1.00、英x1.00、數甲x1.00、物x1.00、化x1.00,259,51.80
國立臺灣大學,化學工程學系,英x1.00、數甲x1.25、物x1.25、化x1.25,247.5,52.11
國立臺灣大學,工程科學及海洋工程學系,英x1.00、數甲x2.00、物x2.00、化x1.00,312,52.00
國立臺灣大學,材料科學與工程學系,英x1.00、數Ax1.00、數甲x1.00、物x1.00、化x1.00,268,53.60
國立臺灣大學,醫學工程學系,國x1.00、英x1.00、數甲x1.00、物x1.00、化x1.00,256,51.20
國立臺灣大學,農藝學系,國x1.00、英x1.00、數Ax1.00、化x1.25、生x1.25,256.75,46.68
國立臺灣大學,生物環境系統工程學系,國x1.00、英x1.00、數甲x1.00、物x1.00、化x1.00,242,48.40
國立臺灣大學,農業化學系,英x1.00、數Ax1.00、物x1.00、化x1.50、生x1.50,296.5,49.42
國立臺灣大學,森林環境暨資源學系,數甲x1.00、物x1.50、化x1.50、生x2.00,266,44.33
國立臺灣大學,動物科學技術學系,英x1.00、數甲x1.00、化x1.00、生x1.00,192,48.00
國立臺灣大學,農業經濟學系,英x2.00、自x1.00、數甲x2.00,241,48.20
國立臺灣大學,園藝暨景觀學系,國x1.00、英x1.00、數Ax1.00、化x1.00、生x1.50,251.5,45.73
國立臺灣大學,獸醫學系,國x1.00、英x1.00、數甲x1.00、化x1.00、生x1.00,262,52.40
國立臺灣大學,生物產業傳播暨發展學系,國x1.50、英x1.50、數Ax1.50、地x1.00、歷x1.00,303.5,46.69
國立臺灣大學,生物機電工程學系,國x1.00、英x1.00、數甲x1.00、物x1.00、化x1.00,253,50.60
國立臺灣大學,昆蟲學系,英x1.00、數甲x1.00、物x1.00、化x1.50、生x2.00,285.5,43.92
國立臺灣大學,植物病理與微生物學系,國x1.00、英x1.00、數甲x1.00、化x1.00、生x1.00,240,48.00
國立臺灣大學,工商管理學系企業管理組,國x1.00、英x1.00、數乙x1.00、地x1.00、歷x1.00,275,55.00
國立臺灣大學,工商管理學系科技管理組,國x1.00、英x1.00、數甲x1.00、物x1.00、化x1.00,251,50.20
國立臺灣大學,會計學系A組,國x1.00、英x1.50、數乙x1.50,225.5,56.38
國立臺灣大學,會計學系B組,國x1.25、英x1.50、數乙x1.25、地x1.00、公x1.00,325,54.17
國立臺灣大學,財務金融學系,國x1.00、英x1.50、數乙x2.00,258,57.33
國立臺灣大學,國際企業學系A組,英x2.00、數甲x1.00、公x1.00,213,53.25
國立臺灣大學,國際企業學系B組,英x2.00、數乙x1.00、地x1.00、歷x1.00、公x1.00,335,55.83
國立臺灣大學,資訊管理學系,英x1.00、數甲x1.50、物x1.00、化x1.00,240.5,53.44
國立臺灣大學,公共衛生學系A組,英x1.25、數甲x1.25、物x1.00、化x1.00、生x1.00,267,48.55
國立臺灣大學,公共衛生學系B組,國x1.00、英x1.25、數Ax1.25、公x1.25,232,48.84
國立臺灣大學,電機工程學系,英x1.00、數甲x1.00、物x1.00、化x1.00,229,57.25
國立臺灣大學,資訊工程學系,英x1.00、數甲x1.25、物x1.00、化x1.00,240.5,56.59
國立臺灣大學,法律學系法學組,國x1.00、英x1.00、數乙x1.00、歷x1.00、公x1.25,287,54.67
國立臺灣大學,法律學系司法組,國x1.00、英x1.00、數乙x1.00、歷x1.00、公x1.25,290.5,55.33
國立臺灣大學,法律學系財經法學組,國x1.00、英x1.00、數乙x1.00、歷x1.00、公x1.25,297,56.57
國立臺灣大學,生命科學系,英x1.00、數甲x1.00、物x1.00、化x1.00、生x1.00,246,49.20
國立臺灣大學,生化科技學系,英x1.00、數甲x1.00、物x1.00、化x1.00、生x1.00,247,49.40
國立臺灣大學,國際體育運動事務學士學位學程,國x1.25、英x2.00、數Bx1.00、公x1.00,264,50.29
國立臺灣師範大學,教育學系,國x1.50、英x1.50、數Bx1.00、地x1.00、歷x1.00,268.5,44.75
國立臺灣師範大學,教育心理與輔導學系,國x1.00、英x1.25、數Bx1.25、歷x1.00、公x1.00,279.5,50.82
國立臺灣師範大學,社會教育學系,國x1.50、英x1.50、地x1.00、歷x1.00、公x1.50,296,45.54
國立臺灣師範大學,健康促進與衛生教育學系,國x1.00、英x1.50、數甲x1.00、生x1.50,218.5,43.70
國立臺灣師範大學,幼兒與家庭科學學系家庭生活與教育組,國x1.75、英x2.00、數Bx2.00、公x1.00,287.25,42.56
國立臺灣師範大學,幼兒與家庭科學學系幼兒發展與教育組,國x2.00、英x2.00、數Bx1.75、公x1.00,291,43.11
國立臺灣師範大學,公民教育與活動領導學系,國x1.25、英x1.25、數Bx1.00、公x2.00,245.25,44.59
國立臺灣師範大學,特殊教育學系,國x1.25、英x1.25、公x1.00,160,45.71
國立臺灣師範大學,學習科學學士學位學程,國x1.50、英x1.50、數甲x2.00,223.5,44.70
國立臺灣師範大學,教育學院學士班,國x1.00、英x1.50、公x1.00,164,46.86
國立臺灣師範大學,國文學系,國x2.00、英x1.50、地x1.00、歷x1.00,256.5,46.64
國立臺灣師範大學,英語學系,國x1.50、英x2.00、數Bx1.00、地x1.00、歷x1.00,297.5,45.77
國立臺灣師範大學,歷史學系,國x1.25、英x1.25、數Bx1.00、地x1.00、歷x1.50,260.5,43.42
國立臺灣師範大學,地理學系,國x1.00、英x1.25、數Bx1.00、地x1.50、歷x1.00,259.75,45.17
國立臺灣師範大學,臺灣語文學系,國x1.00、英x1.50、地x1.00、歷x1.50、公x1.50,298.5,45.92
國立臺灣師範大學,數學系,英x1.00、數甲x2.00、物x1.00,165,41.25
國立臺灣師範大學,物理學系,英x1.00、數甲x1.25、物x1.50,177.5,47.33
國立臺灣師範大學,物理學系國際組,英x1.25、數甲x1.25、物x1.50,185.5,46.38
國立臺灣師範大學,化學系,英x1.00、數甲x1.25、物x1.50、化x1.75,245,44.55
國立臺灣師範大學,生命科學系,國x1.00、英x1.25、數Ax1.00、化x1.25、生x1.50,264.5,44.08
國立臺灣師範大學,地球科學系,英x1.00、數甲x2.00、物x2.00、化x1.50,272,41.85
國立臺灣師範大學,資訊工程學系,國x1.00、英x1.50、數甲x1.50、物x1.00、化x1.00,280,46.67
國立臺灣師範大學,營養科學學士學位學程,國x1.00、英x1.50、數Ax1.00、化x1.50、生x1.50,279.5,43.00
國立臺灣師範大學,科技應用與人力資源發展學系,國x1.00、英x1.25、數甲x1.25、物x1.00、化x1.00,230.25,41.86
國立臺灣師範大學,圖文傳播學系,國x1.25、英x1.25、數甲x1.00、物x1.00、化x1.00,231.25,42.05
國立臺灣師範大學,機電工程學系,國x1.00、英x1.50、數甲x2.00、物x2.00、化x1.00,333.5,44.47
國立臺灣師範大學,電機工程學系,國x1.00、英x1.00、數甲x1.00、物x1.00、化x1.00,242,48.40
國立臺灣師範大學,車輛與能源工程學士學位學程,國x1.00、英x1.00、數甲x1.50、物x1.50,217.5,43.50
國立臺灣師範大學,光電工程學士學位學程,國x1.00、英x1.00、數甲x2.00、物x2.00、化x1.50,339,45.20
國立臺灣師範大學,華語文教學系應用華語文學組,國x2.00、英x2.00、歷x1.00,237,47.40
國立臺灣師範大學,東亞學系,國x1.50、英x2.00、數Bx1.00、歷x1.00、公x1.00,282,43.38
國立臺灣師範大學,企業管理學系,國x1.00、英x2.00、數乙x1.50,220,48.89
國立臺灣師範大學,設計學系產品設計組,國x2.00、英x2.00、數乙x1.75,272.25,47.35
國立臺灣師範大學,音樂學系,國x1.00、英x1.00、歷x1.00、術x2.00,297.64,59.53
國立臺灣師範大學,表演藝術學士學位學程,國x1.75、英x1.25、歷x1.50,222.5,49.44
國立臺灣師範大學,設計學系視覺設計組,國x1.75、英x1.75、歷x1.00、術x2.00,348.7,53.65
國立臺灣師範大學,美術學系繪畫組,國x1.00、英x1.00、歷x1.00、術x1.50,249.83,55.52
國立臺灣師範大學,美術學系水墨畫組,國x1.00、英x1.00、歷x1.00、術x1.50,236.33,52.52
國立臺灣師範大學,體育與運動科學系,國x1.50、英x2.00、數Bx1.00、生x1.50,262.5,43.75
國立中興大學,中國文學系,國x2.00、英x1.50、歷x1.25,208,43.79
國立中興大學,外國語文學系,國x1.00、英x2.00、歷x1.00,189,47.25
國立中興大學,歷史學系,國x1.00、英x1.00、地x1.00、歷x1.50,205,45.56
國立中興大學,台灣人文創新學士學位學程,國x2.00、英x1.00、地x1.50、歷x1.50,278,46.33
國立中興大學,財務金融學系,國x1.00、英x2.00、數乙x2.00,247,49.40
國立中興大學,企業管理學系,國x1.00、英x2.00、數乙x2.00、公x1.00,277,46.17
國立中興大學,資訊管理學系,國x1.00、英x2.00、數甲x2.00,225,45.00
國立中興大學,會計學系,國x1.00、英x2.00、數Ax2.00、公x1.00,254,42.33
國立中興大學,行銷學系,國x1.00、英x2.00、數乙x2.00,236,47.20
國立中興大學,應用經濟學系,國x1.00、英x2.00、數甲x1.50,196,43.56
國立中興大學,法律學系,國x1.50、英x1.00、數Bx1.00、歷x1.00、公x1.50,287.5,47.92
國立中興大學,化學系,國x1.00、英x1.50、數甲x2.00、物x1.00、化x2.00,331,44.13
國立中興大學,物理學系一般物理組,國x1.00、英x1.50、數甲x1.50、物x1.50、化x1.00,291,44.77
國立中興大學,物理學系光電物理組,國x1.00、英x1.50、數甲x1.50、物x1.50、化x1.00,296.5,45.62
國立中興大學,應用數學系應用數學組,國x1.00、英x1.50、數甲x2.00、物x1.50、化x1.00,291.5,41.64
國立中興大學,應用數學系數據科學與計算組,國x1.00、英x1.50、數甲x2.00、物x1.50、化x1.00,294.5,42.07
國立中興大學,機械工程學系甲組,國x1.00、英x1.50、數甲x2.00、物x2.00、化x1.00,329,43.87
國立中興大學,機械工程學系乙組,國x1.00、英x1.50、數Ax2.00、物x2.00、化x1.00,348,46.40
國立中興大學,土木工程學系,國x1.00、英x1.50、數甲x2.00、物x2.00,270.5,41.62
國立中興大學,環境工程學系,國x1.00、英x1.00、數甲x1.50、物x1.50、化x1.50,275,42.31
國立中興大學,化學工程學系,國x1.00、英x1.00、數甲x1.00、物x1.00、化x1.00,228,45.60
國立中興大學,材料科學與工程學系,國x1.00、英x1.00、數甲x1.00、物x1.00、化x1.00,235,47.00
國立中興大學,智慧創意工程學士學位學程,國x1.00、英x1.00、數甲x1.50、物x1.00、化x1.00,243,44.18
國立中興大學,電機工程學系甲組,國x1.00、英x1.00、數甲x1.00、物x1.00、化x1.00,257,51.40
國立中興大學,電機工程學系乙組,國x1.00、英x1.25、數甲x1.00、物x1.00、化x1.00,263,50.10
國立中興大學,資訊工程學系,英x1.00、數甲x1.00、物x1.00、化x1.00,195,48.75
國立中興大學,電機資訊學院學士班,國x1.00、英x1.00、數甲x1.00、物x1.00、化x1.00,244,48.80
國立中興大學,生物產業機電工程學系,國x1.00、英x1.00、數甲x1.00、物x1.00、化x1.00,214,42.80
國立中興大學,水土保持學系,國x1.00、英x1.50、數甲x2.00、物x2.00,257,39.54
國立中興大學,食品暨應用生物科技學系,國x1.00、英x1.50、化x1.50、生x1.50,239,43.45
國立中興大學,農藝學系,國x1.00、英x1.50、化x1.50、生x1.50,218,39.64
國立中興大學,園藝學系,國x1.00、英x1.50、數Bx1.00、化x1.50、生x2.00,276.5,39.50
國立中興大學,森林學系林學組,英x1.50、數Bx1.00、物x1.00、化x1.00、生x1.50,224,37.33
國立中興大學,森林學系木材科學組,英x1.50、數Bx1.00、物x1.25、化x1.50、生x1.00,224.75,35.96
國立中興大學,植物病理學系,國x1.00、英x1.50、數Ax1.00、化x1.50、生x1.50,264,40.62
國立中興大學,昆蟲學系,國x1.00、英x1.50、化x1.50、生x1.50,219,39.82
國立中興大學,動物科學系,國x1.00、英x1.50、數Ax1.00、化x1.50、生x1.50,282,43.38
國立中興大學,土壤環境科學系,英x2.00、物x1.00、化x2.00、生x2.00,259,37.00
國立中興大學,生物科技學士學位學程,國x1.00、英x1.50、化x1.50、生x1.50,249,45.27
國立中興大學,景觀與遊憩學士學位學程,國x1.00、英x1.50、物x1.00,151.5,43.29
國立中興大學,國際農企業學士學位學程,國x1.00、英x2.00、生x1.50,188,41.78
國立中興大學,生命科學系,英x1.00、化x1.75、生x1.75,200.5,44.56
國立中興大學,獸醫學系,英x1.50、化x1.25、生x1.50,226.5,53.29
國立成功大學,中國文學系,國x1.50、英x1.00、歷x1.00,162,46.29
國立成功大學,外國語文學系,國x1.50、英x2.00、數Bx1.00、地x1.00、歷x1.00,295,45.38
國立成功大學,歷史學系,國x1.25、英x1.00、數Bx1.00、地x1.25、歷x1.50,267.75,44.62
國立成功大學,台灣文學系,國x1.50、英x1.50、數Bx1.00、地x1.00、歷x1.00,253.5,42.25
國立成功大學,數學系,英x1.50、數甲x2.00、物x1.50、化x1.00,275,45.83
國立成功大學,物理學系,英x1.00、數甲x1.00、物x1.00、化x1.00,200,50.00
國立成功大學,化學系,國x1.00、英x1.00、數甲x1.25、物x1.25、化x1.50,286.5,47.75
國立成功大學,地球科學系,國x1.00、英x1.00、數甲x1.00、物x1.00、化x1.00,221,44.20
國立成功大學,光電科學與工程學系,國x1.00、英x1.00、數甲x1.00、物x1.00、化x1.00,245,49.00
國立成功大學,機械工程學系,英x1.00、數甲x2.00、物x2.00,241,48.20
國立成功大學,機械工程學系(普渡雙聯組),英x1.00、數甲x1.00、物x1.00,158,52.67
國立成功大學,化學工程學系,國x1.00、英x1.00、數甲x1.25、物x1.25、化x1.25,276.5,48.09
國立成功大學,材料科學及工程學系,數甲x1.00、物x1.50、化x1.50,202,50.50
國立成功大學,資源工程學系,國x1.00、英x1.00、數甲x1.00、物x1.00、化x1.00,228,45.60
國立成功大學,土木工程學系,國x1.00、英x1.00、數Ax1.00、物x1.00,183,45.75
國立成功大學,水利及海洋工程學系,國x1.00、英x1.25、數甲x1.75、物x1.50,245.25,44.59
國立成功大學,工程科學系,國x1.00、英x1.00、數甲x1.00、物x1.00、化x1.00,248,49.60
國立成功大學,系統及船舶機電工程學系,國x1.00、英x1.00、數甲x1.00、物x1.00、化x1.00,235,47.00
國立成功大學,航空太空工程學系,國x1.00、英x1.00、數甲x1.00、物x1.00,193,48.25
國立成功大學,環境工程學系,國x1.00、英x1.00、數甲x1.00、物x1.00、化x1.00,224,44.80
國立成功大學,測量及空間資訊學系,國x1.00、英x2.00、數甲x2.00、物x2.00,313,44.71
國立成功大學,生物醫學工程學系,國x1.00、英x1.00、數甲x1.00、物x1.00、化x1.00,239,47.80
國立成功大學,工業與資訊管理學系,英x1.00、數Ax1.00、數甲x1.00、物x1.00、化x1.00,231,46.20
國立成功大學,交通管理科學系,國x1.00、英x1.25、數甲x1.25、物x1.00,199.75,44.39
國立成功大學,統計學系,國x1.00、英x1.50、數甲x1.50,189.5,47.38
國立成功大學,會計學系,國x1.00、英x2.00、數乙x2.00,256,51.20
國立成功大學,企業管理學系,國x1.00、英x2.00、數乙x2.00、公x1.00,297,49.50
國立成功大學,醫學系(自費),英x1.00、數甲x1.00、物x1.00、化x1.00、生x1.00,279,55.80
國立成功大學,醫學系(公費),英x1.00、數甲x1.00、物x1.00、化x1.00、生x1.00,265,53.00
國立成功大學,牙醫學系,英x1.00、數甲x1.00、物x1.00、化x1.00、生x1.00,274,54.80
國立成功大學,醫學檢驗生物技術學系,國x1.00、英x1.25、數甲x1.00、化x1.25、生x1.25,272.75,47.43
國立成功大學,護理學系,國x1.00、英x1.50、化x1.00、生x1.50,238,47.60
國立成功大學,物理治療學系,國x1.00、英x1.25、數甲x1.00、物x1.00、生x1.00,260,49.52
國立成功大學,職能治療學系,國x1.00、英x1.00、數Ax1.00、生x1.00,200,50.00
國立成功大學,藥學系,國x1.00、英x1.00、數甲x1.00、化x1.25、生x1.00,276.5,52.67
國立成功大學,政治學系,國x1.25、英x1.25、歷x1.00、公x1.00,214,47.56
國立成功大學,經濟學系,國x1.50、英x2.00、數乙x2.00,280.5,51.00
國立成功大學,法律學系,國x1.50、英x1.00、數Bx1.00、歷x1.00、公x1.50,295,49.17
國立成功大學,心理學系,國x1.00、英x1.50、數甲x1.50、化x1.00、生x1.00,280.5,46.75
國立成功大學,電機工程學系,英x1.00、數甲x1.00、物x1.00、化x1.00,214,53.50
國立成功大學,電機工程學系(普渡雙聯組),英x1.00、數甲x1.00、物x1.00、化x1.00,225,56.25
國立成功大學,資訊工程學系,國x1.00、英x1.00、數甲x1.00、物x1.00、化x1.00,257,51.40
國立成功大學,資訊工程學系(普渡雙聯組),國x1.00、英x1.00、數甲x1.00、物x1.00、化x1.00,264,52.80
國立成功大學,建築學系,英x1.00、數甲x1.25、物x1.25、化x1.00,211.25,46.94
國立成功大學,都市計劃學系(自然組),國x1.50、英x1.50、數Ax1.50、物x1.00、化x1.00,291,44.77
國立成功大學,都市計劃學系(社會組),國x1.50、英x1.50、數Ax1.50、地x1.00、歷x1.00,291.5,44.85
國立成功大學,工業設計學系,國x1.00、英x1.50、數甲x1.00、物x1.50、化x1.00,272,45.33
國立成功大學,生命科學系,英x1.25、數甲x1.00、物x1.00、化x1.50、生x1.50,278,44.48
國立成功大學,生物科技與產業科學系,英x1.50、物x1.00、化x1.50、生x1.50,257,46.73
國立成功大學,全校不分系學士學位學程,國x1.00、英x1.00、數甲x1.00,156,52.00
東吳大學,中國文學系,國x2.00、英x1.00、歷x1.00,116,29.00
東吳大學,歷史學系,國x1.00、社x1.00、歷x2.00,172,43.00
東吳大學,哲學系,國x2.00、英x2.00、公x1.00,145,29.00
東吳大學,政治學系,國x1.50、英x1.50、公x2.00,188,37.60
東吳大學,社會學系,國x1.50、英x1.50、數Bx1.00、公x1.50,163.5,29.73
東吳大學,社會工作學系,國x1.50、英x1.00、公x2.00,143.5,31.89
東吳大學,音樂學系-鋼琴.聲樂.弦樂.理論作曲,國x1.00、英x1.00、歷x1.00、術x2.00,194.26,38.85
東吳大學,音樂學系-銅管樂.木管樂.擊樂,國x1.00、英x1.00、歷x1.00、術x2.00,214.26,42.85
東吳大學,英文學系,國x1.50、英x2.00、歷x1.00,144,32.00
東吳大學,日本語文學系,國x1.50、英x1.50、地x1.00、歷x1.00,192.5,38.50
東吳大學,德國文化學系A組,國x1.50、英x2.00、歷x1.50,167,33.40
東吳大學,德國文化學系B組,國x1.50、英x2.00、數乙x1.50,162.5,32.50
東吳大學,數學系,國x1.50、英x1.50、數甲x2.00,151.5,30.30
東吳大學,物理學系,英x1.00、數甲x1.50、物x2.00,136,30.22
東吳大學,化學系,英x1.00、數甲x1.50、化x2.00,130,28.89
東吳大學,微生物學系,國x1.00、英x1.25、化x1.00,104.5,32.15
東吳大學,心理學系,國x1.00、英x2.00、數甲x1.50,178,39.56
東吳大學,法律學系,國x2.00、英x2.00、歷x1.00、公x1.50,312.5,48.08
東吳大學,經濟學系,國x1.00、英x1.50、數乙x2.00,159,35.33
東吳大學,會計學系,國x1.00、英x1.00、數乙x1.25,134,41.23
東吳大學,企業管理學系,國x1.00、英x1.00、數Bx1.00、公x2.00,181,36.20
東吳大學,國際經營與貿易學系,國x1.00、英x2.00、數乙x1.00,150,37.50
東吳大學,財務工程與精算數學系,國x1.50、英x2.00、數乙x2.00,187.5,34.09
東吳大學,資訊管理學系,國x1.00、英x1.25、數乙x1.25,126.5,36.14
東吳大學,資料科學系,國x1.00、數乙x1.50、公x1.00,127,36.29
國立政治大學,中國文學系,國x1.50、英x1.25、地x1.00、歷x1.00,229.75,48.37
國立政治大學,歷史學系,國x1.00、英x1.00、社x1.00、地x1.00、歷x1.50,281.5,51.18
國立政治大學,哲學系,國x1.25、英x1.25、數Bx1.00、歷x1.00、公x1.25,259,45.04
國立政治大學,教育學系,國x1.00、英x2.00、數Bx1.00、社x1.00、公x2.00,325,46.43
國立政治大學,政治學系,國x1.75、英x1.75、歷x1.00、公x2.00,332.5,51.15
國立政治大學,社會學系,國x1.00、英x2.00、公x2.00,247,49.40
國立政治大學,財政學系,國x1.00、英x1.50、數乙x1.50,206.5,51.62
國立政治大學,公共行政學系,國x1.00、英x2.00、公x2.00,254,50.80
國立政治大學,地政學系土地資源規劃組,國x1.50、英x1.50、數乙x1.50、地x1.00、公x1.00,325.5,50.08
國立政治大學,地政學系土地管理組,國x1.50、英x1.50、數乙x1.50、地x1.00、公x1.00,329.5,50.69
國立政治大學,地政學系土地測量與資訊組,國x1.25、英x1.50、數甲x2.00、物x1.00、化x1.00,287.5,42.59
國立政治大學,經濟學系(A組),英x1.50、社x1.00、數乙x2.00,240,53.33
國立政治大學,經濟學系(B組),英x1.50、自x1.00、數乙x2.00,235.5,52.33
國立政治大學,民族學系,國x1.00、英x1.00、地x1.25、歷x1.25、公x1.50,282.75,47.12
國立政治大學,外交學系,國x1.50、英x1.75、地x1.00、歷x1.00、公x1.00,323.5,51.76
國立政治大學,國際經營與貿易學系,國x1.50、英x2.00、數乙x2.00,289.5,52.64
國立政治大學,金融學系(A組),國x1.00、英x2.00、數乙x2.00,273,54.60
國立政治大學,金融學系(B組),國x1.00、英x1.50、數甲x2.00,220.5,49.00
國立政治大學,會計學系,國x1.50、英x2.00、數乙x2.00、公x1.00,334,51.38
國立政治大學,統計學系(A組),國x1.50、英x1.50、數乙x2.00、地x1.00、歷x1.00,363,51.86
國立政治大學,統計學系(B組),國x1.50、英x1.50、數甲x2.00、物x1.00、化x1.00,321.5,45.93
國立政治大學,企業管理學系,國x1.00、英x1.00、數乙x2.00,211,52.75
國立政治大學,資訊管理學系(A組),國x1.00、英x2.00、數乙x2.00,263,52.60
國立政治大學,資訊管理學系(B組),國x1.00、英x2.00、數甲x2.00,238,47.60
國立政治大學,財務管理學系,國x1.00、英x1.50、數乙x2.00,248.5,55.22
國立政治大學,風險管理與保險學系,國x1.00、英x1.50、數乙x1.50,207.5,51.88
國立政治大學,傳播學院大一大二不分系(社會組),國x1.50、英x1.50、數乙x1.00、歷x1.00、公x1.00,287,47.83
國立政治大學,傳播學院大一大二不分系(自然組),國x1.00、英x1.50、數Ax1.50、物x1.00,227.5,45.50
國立政治大學,英國語文學系,國x1.50、英x2.00、數Bx1.00、地x1.00、歷x1.00,308.5,47.46
國立政治大學,阿拉伯語文學系,國x1.50、英x1.50、地x1.00、歷x1.25,249.25,47.48
國立政治大學,斯拉夫語文學系,國x1.50、英x1.50、地x1.00、歷x1.00,238,47.60
國立政治大學,日本語文學系,國x1.50、英x1.50、歷x1.00、公x1.00,253,50.60
國立政治大學,韓國語文學系,國x1.50、英x1.50、數Bx1.00、地x1.00、歷x1.00,281.5,46.92
國立政治大學,土耳其語文學系,國x2.00、英x2.00、地x1.00、歷x1.50,308,47.38
國立政治大學,歐洲語文學系法文組,國x1.50、英x1.50、數Bx1.00、地x1.00、歷x1.00,280.5,46.75
國立政治大學,歐洲語文學系德文組,國x1.50、英x1.50、數Bx1.00、地x1.00、歷x1.00,282.5,47.08
國立政治大學,歐洲語文學系西班牙文組,國x1.50、英x1.50、數Bx1.00、地x1.00、歷x1.00,284.5,47.42
國立政治大學,東南亞語文學系越文組,國x1.50、英x1.50、地x1.00、歷x1.00、公x1.00,284,47.33
國立政治大學,東南亞語文學系泰文組,國x1.50、英x1.50、地x1.00、歷x1.00、公x1.00,282,47.00
國立政治大學,東南亞語文學系印尼文組,國x1.50、英x1.50、地x1.00、歷x1.00、公x1.00,279.5,46.58
國立政治大學,法律學系,國x1.00、英x2.00、數Bx1.00、歷x1.00、公x1.00,310,51.67
國立政治大學,應用數學系,英x1.00、數甲x2.00、物x1.00、化x1.00,214,42.80
國立政治大學,心理學系,國x1.00、英x1.50、數甲x1.50、生x1.00,237,47.40
國立政治大學,資訊科學系,國x1.00、英x1.25、數甲x1.25、物x1.00、化x1.00,254.75,46.32
國立政治大學,創新國際學院學士班,國x1.00、英x2.00、數Bx1.50、公x1.50,294,49.00
高雄醫學大學,醫學系(自費),英x1.00、數甲x1.00、物x1.00、化x1.00、生x1.00,271,54.20
高雄醫學大學,醫學系(公費),英x1.00、數甲x1.00、物x1.00、化x1.00、生x1.00,264,52.80
高雄醫學大學,運動醫學系,英x1.50、物x1.00、生x1.50,158,39.50
高雄醫學大學,呼吸治療學系,英x1.50、化x1.25、生x1.25,164.25,41.06
高雄醫學大學,牙醫學系,英x1.00、數甲x1.00、物x1.00、化x1.00、生x1.00,271,54.20
高雄醫學大學,口腔衛生學系,國x1.50、英x1.00、數Ax1.00、生x1.50,189,37.80
高雄醫學大學,藥學系,國x1.00、英x1.00、物x1.00、化x1.25、生x1.25,291.25,52.95
高雄醫學大學,香粧品學系,國x1.00、英x1.00、化x1.00、生x1.00,148,37.00
高雄醫學大學,護理學系,國x1.00、英x1.00、數Bx1.00、生x2.00,188,37.60
高雄醫學大學,公共衛生學系,國x1.00、英x1.00、數甲x2.00、化x2.00、生x1.75,255,32.90
高雄醫學大學,醫學檢驗生物技術學系,國x1.00、英x1.00、化x1.00、生x1.00,184,46.00
高雄醫學大學,醫學影像暨放射科學系,英x1.00、數甲x1.00、物x1.50、化x1.25、生x1.25,221.5,36.92
高雄醫學大學,職能治療學系,國x1.50、英x2.00、生x1.50,246,49.20
高雄醫學大學,物理治療學系,國x1.00、英x2.00、數甲x1.50、物x1.00、生x1.50,330,47.14
高雄醫學大學,醫務管理暨醫療資訊學系,國x1.50、英x2.00、物x1.50,173.5,34.70
高雄醫學大學,醫藥暨應用化學系應用化學組,英x1.50、數甲x1.50、物x1.00、化x1.50,198.5,36.09
高雄醫學大學,醫藥暨應用化學系醫藥化學組,英x1.50、數甲x1.50、化x1.50、生x1.00,205.5,37.36
高雄醫學大學,生物醫學暨環境生物學系,國x1.00、英x1.50、數甲x1.00、化x1.25、生x1.50,230.25,36.84
高雄醫學大學,生物科技學系,國x1.00、英x1.25、化x1.25、生x1.50,197.75,39.55
高雄醫學大學,生命科學院學士班,英x1.00、化x1.00、生x1.00,115,38.33
高雄醫學大學,心理學系,國x1.00、英x2.00、生x1.00,191,47.75
高雄醫學大學,醫學社會學與社會工作學系,國x2.00、英x2.00、歷x1.00、公x1.00,220,36.67
中原大學,應用數學系,國x1.25、英x1.00、數甲x2.00,143.75,33.82
中原大學,物理學系物理組,英x1.00、數甲x1.50、物x2.00,168,37.33
中原大學,物理學系光電與材料科學組,英x1.00、數甲x1.50、物x2.00,171.5,38.11
中原大學,化學系化學組,英x1.00、數甲x1.00、物x1.00、化x2.00,182,36.40
中原大學,化學系材料化學組,英x1.00、數甲x1.00、物x1.00、化x2.00,189,37.80
中原大學,心理學系,國x1.50、英x2.00、數甲x2.00,203.5,37.00
中原大學,生物科技學系,英x1.50、化x1.50、生x2.00,170,34.00
中原大學,化學工程學系綠能製程組,國x1.00、英x1.00、數甲x1.00、物x1.00、化x1.00,188,37.60
中原大學,化學工程學系生化工程組,國x1.00、英x1.00、數甲x1.00、物x1.00、化x1.00,194,38.80
中原大學,化學工程學系材料工程組,國x1.00、英x1.00、數甲x1.00、物x1.00、化x1.00,198,39.60
中原大學,土木工程學系,國x2.00、數Ax1.50、物x2.00,194,35.27
中原大學,機械工程學系,國x2.00、數甲x1.00、物x1.00,155,38.75
中原大學,生物醫學工程學系,國x2.00、數甲x1.00、物x1.00、化x1.00,183,36.60
中原大學,環境工程學系,國x2.00、英x1.00、化x2.00,194,38.80
中原大學,電機資訊學院學士班,國x2.00、英x2.00、數甲x1.00,221,44.20
中原大學,工業與系統工程學系工程組,國x1.00、英x1.00、數甲x1.00,111,37.00
中原大學,工業與系統工程學系管理組,國x2.00、英x2.00、數乙x1.00,201,40.20
中原大學,電子工程學系,國x1.00、英x1.00、數甲x1.00、物x1.00,162,40.50
中原大學,資訊工程學系,國x2.00、英x2.00、數甲x1.00,222,44.40
中原大學,電機工程學系,國x1.00、英x1.00、數甲x1.00、物x1.00,167,41.75
中原大學,電機資訊學院智慧運算與大數據學士班,國x1.00、英x1.00、數甲x1.00,123,41.00
中原大學,企業管理學系服務業管理組,國x2.00、英x1.00、歷x2.00,188,37.60
中原大學,企業管理學系高科技業管理組,國x2.00、英x1.00、歷x2.00,201,40.20
中原大學,企業管理學系工商管理組,國x2.00、英x1.00、公x2.00,188,37.60
中原大學,國際經營與貿易學系,國x1.75、英x2.00、數乙x1.00、公x1.00,189.75,33.00
中原大學,會計學系,國x1.50、數乙x1.00、歷x1.50、公x1.25,201.5,38.38
中原大學,資訊管理學系,國x1.50、英x1.50、公x1.00,162,40.50
中原大學,財務金融學系,國x1.75、英x2.00、數Bx2.00、公x1.00,239.75,35.52
中原大學,財經法律學系財貿法組,國x1.50、英x1.50、歷x1.00、公x1.50,225.5,41.00
中原大學,財經法律學系科技法組,國x1.50、英x1.50、歷x1.00、公x1.50,223.5,40.64
中原大學,建築學系,國x2.00、英x2.00、數甲x1.75,217,37.74
中原大學,室內設計學系,國x2.00、英x1.00、地x1.50、歷x2.00,256,39.38
中原大學,商業設計學系商業設計組,國x2.00、英x2.00、地x1.00、歷x1.50,221,34.00
中原大學,商業設計學系產品設計組甲類,英x1.50、公x1.00、術x2.00,196.5,43.67
中原大學,商業設計學系產品設計組乙類,國x1.00、英x1.50、物x2.00,186,41.33
中原大學,地景建築學系,地x2.00、歷x2.00、公x1.00,218,43.60
中原大學,特殊教育學系,國x1.50、英x1.50、公x1.00,119.5,29.88
中原大學,應用外國語文學系,國x1.50、英x2.00、歷x1.00,138.5,30.78
中原大學,應用華語文學系,國x2.00、英x1.75、歷x1.25,148.25,29.65
東海大學,中國文學系,國x2.00、歷x1.00、公x1.00,134,33.50
東海大學,外國語文學系,國x1.00、英x2.00、歷x1.00,119,29.75
東海大學,歷史學系,國x1.00、社x2.00、歷x2.00,213,42.60
東海大學,日本語言文化學系,國x1.50、英x1.50、公x1.75,146.5,30.84
東海大學,哲學系,國x1.00、歷x1.50、公x1.50,142,35.50
東海大學,應用物理學系,國x1.00、英x1.00、數甲x1.00,102,34.00
東海大學,化學系化學組,國x1.00、英x1.00、化x2.00,156,39.00
東海大學,化學系化學生物組,英x1.00、自x1.00、化x2.00,143,35.75
東海大學,生命科學系生物醫學組,英x2.00、化x1.50、生x2.00,176,32.00
東海大學,生命科學系生態暨生物多樣性組,國x1.75、英x2.00、生x2.00,201.25,35.00
東海大學,智慧計算暨應用數學系,國x2.00、英x1.00、數甲x2.00,163,32.60
東海大學,化學工程與材料工程學系,數甲x2.00、物x1.00、化x2.00,150,30.00
東海大學,"工業工程與經營資訊學系(智慧設計與生
產組)",國x1.00、英x1.50、數甲x2.00,143.5,31.89
東海大學,"工業工程與經營資訊學系(智慧經營與管
理組)",國x1.00、英x2.00、數乙x1.50,144,32.00
東海大學,環境科學與工程學系,國x1.50、英x1.50、化x2.00,162,32.40
東海大學,資訊工程學系,國x1.50、英x2.00、數甲x2.00,182.5,33.18
東海大學,電機工程學系,國x2.00、英x1.00、數甲x1.00,157,39.25
東海大學,企業管理學系,國x1.50、英x1.00、公x2.00,158,35.11
東海大學,國際經營與貿易學系,國x2.00、英x2.00、數Bx1.00、公x1.50,193.5,29.77
東海大學,會計學系,國x1.00、英x1.00、數Bx1.00、公x2.00,159,31.80
東海大學,財務金融學系,國x1.00、英x1.50、數乙x1.00,111,31.71
東海大學,統計學系(巨量資料管理組),國x1.00、數Ax1.00、數甲x2.00,122,30.50
東海大學,統計學系(決策管理組),國x1.00、數Bx1.00、數乙x2.00,134,33.50
東海大學,資訊管理學系,國x2.00、英x1.00、公x2.00,190,38.00
東海大學,經濟學系,國x2.00、英x1.00、數乙x2.00,156,31.20
東海大學,政治學系,國x1.75、英x2.00、公x2.00,193.25,33.61
東海大學,行政管理暨政策學系,國x1.00、社x2.00、公x1.50,181.5,40.33
東海大學,社會學系,國x1.75、社x2.00、公x2.00,210.75,36.65
東海大學,社會工作學系,國x1.50、社x1.00、公x2.00,158,35.11
東海大學,畜產與生物科技學系,國x1.00、英x1.00、生x2.00,131,32.75
東海大學,食品科學系,國x1.50、自x2.00、化x1.00,165.5,36.78
東海大學,餐旅管理學系,英x1.50、數Bx1.25、公x1.00,86.25,23.00
東海大學,高齡健康與運動科學學士學位學程,國x1.25、英x1.50、數乙x1.00,102.25,27.27
東海大學,美術學系,國x2.00、英x1.00、歷x1.00、術x2.00,256.5,42.75
東海大學,音樂學系,國x1.50、英x1.50、歷x1.00,102,25.50
東海大學,建築學系(A組),英x1.50、數Ax1.50、物x1.50、化x1.00,213,38.73
東海大學,建築學系(B組),國x1.00、英x1.50、數Bx1.50、歷x1.50,245,44.55
東海大學,工業設計學系(A組),國x2.00、英x2.00、物x1.00,196,39.20
東海大學,工業設計學系(B組),國x2.00、英x2.00、公x1.00,182,36.40
東海大學,景觀學系(A組),國x1.00、英x1.50、公x1.00,108,30.86
東海大學,景觀學系(B組),國x1.00、英x1.50、生x1.00,120.5,34.43
東海大學,法律學系,國x1.50、英x1.50、歷x1.00、公x1.50,233.5,42.45
東海大學,國際學院國際經營管理學位學程,國x1.00、英x2.00、數乙x1.25,114.25,26.88
東海大學,永續科學與管理學士學位學程,國x1.00、英x2.00、化x1.00,131,32.75
國立清華大學,中國文學系甲組(一般組),國x1.50、英x1.25、數Bx1.00、地x1.00、歷x1.00,250.75,43.61
國立清華大學,中國文學系乙組(華語文教學組),國x1.50、英x1.50、數Bx1.00、地x1.00、歷x1.00,263,43.83
國立清華大學,外國語文學系,國x1.50、英x2.00、數Bx1.00、地x1.00、歷x1.00,302,46.46
國立清華大學,人文社會學院學士班,國x1.50、英x1.50、數乙x1.50、歷x1.00、公x1.00,302,46.46
國立清華大學,教育與學習科技學系,國x2.00、英x2.00、數Bx1.00、歷x1.00,273,45.50
國立清華大學,幼兒教育學系,國x2.00、英x2.00、地x1.00、歷x1.50、公x1.00,349,46.53
國立清華大學,特殊教育學系,國x2.00、英x2.00、歷x1.00、公x1.00,278,46.33
國立清華大學,教育心理與諮商學系甲組,國x1.50、英x2.00、數Bx1.50、公x1.00,299,49.83
國立清華大學,教育心理與諮商學系乙組,國x1.50、英x2.00、數乙x1.50、生x1.00,296,49.33
國立清華大學,英語教學系,國x1.50、英x2.00、數Bx1.00、地x1.00、歷x1.00,286.5,44.08
國立清華大學,運動科學系,國x1.25、英x2.00、數甲x1.25,216.5,48.11
國立清華大學,竹師教育學院學士班,國x1.00、英x2.00、生x1.50,230.5,51.22
國立清華大學,環境與文化資源學系,國x1.00、英x2.00、數Bx1.00、地x1.50、公x1.75,334.5,46.14
國立清華大學,經濟學系第1組,國x1.00、英x2.00、數甲x2.00,240,48.00
國立清華大學,經濟學系第2組,國x1.00、英x2.00、數Ax2.00、地x1.00、歷x1.00,330,47.14
國立清華大學,科技管理學院學士班,英x1.00、數甲x1.00、物x1.00、化x1.00,192,48.00
國立清華大學,計量財務金融學系甲組,國x1.00、英x1.50、數甲x1.50,202.5,50.62
國立清華大學,計量財務金融學系乙組,國x1.00、英x1.50、數乙x1.50,217.5,54.38
國立清華大學,數學系甲組(數學組),英x1.50、數甲x2.00、物x1.50、化x1.00,285,47.50
國立清華大學,數學系乙組(應用數學組),英x1.50、數甲x2.00、物x1.50、化x1.00,288.5,48.08
國立清華大學,物理學系物理組(甲組一般組),國x1.00、英x1.00、數甲x1.50、物x1.50、化x1.00,303,50.50
國立清華大學,物理學系物理組(乙組天文物理組),國x1.00、英x1.00、數甲x1.50、物x1.50、化x1.00,320,53.33
國立清華大學,物理學系光電物理組,國x1.00、英x1.00、數甲x1.50、物x1.50、化x1.00,306,51.00
國立清華大學,化學系,國x1.00、英x1.00、數甲x1.00、物x1.00、化x1.00,248,49.60
國立清華大學,理學院學士班,國x1.00、英x1.00、數甲x1.50、物x1.25、化x1.00,292,50.78
國立清華大學,生醫工程與環境科學系,國x1.00、英x1.00、數甲x1.00、物x1.00、化x1.00,240,48.00
國立清華大學,工程與系統科學系甲組(低碳綠能組),國x1.00、英x1.00、數甲x1.00、物x1.00、化x1.00,252,50.40
國立清華大學,"工程與系統科學系乙組(智慧奈米系統
組)",國x1.00、英x1.00、數甲x1.00、物x1.00、化x1.00,255,51.00
國立清華大學,原子科學院學士班,國x1.00、英x1.00、數甲x1.00、物x1.00、化x1.00,251,50.20
國立清華大學,化學工程學系,國x1.00、英x1.00、數甲x1.00、物x1.00、化x1.00,253,50.60
國立清華大學,動力機械工程學系甲組,國x1.00、英x1.00、數甲x1.00、物x1.00、化x1.00,258,51.60
國立清華大學,動力機械工程學系乙組,國x1.00、英x1.00、數甲x1.00、物x1.00、化x1.00,253,50.60
國立清華大學,材料科學工程學系甲組,英x1.00、數甲x1.00、物x1.00、化x1.00,217,54.25
國立清華大學,材料科學工程學系乙組,英x1.00、數甲x1.00、物x1.00、化x1.00,209,52.25
國立清華大學,工業工程與工程管理學系,國x1.00、英x1.50、數甲x1.50、物x1.00,242,48.40
國立清華大學,工學院學士班,國x1.00、英x1.00、數甲x1.00、物x1.00、化x1.00,257,51.40
國立清華大學,電機工程學系甲組,英x1.00、數甲x1.00、物x1.00、化x1.00,227,56.75
國立清華大學,電機工程學系乙組,數甲x1.00、物x1.00、化x1.00,169,56.33
國立清華大學,資訊工程學系甲組(電子資訊組),國x1.00、英x1.00、數甲x1.00、物x1.00、化x1.00,270,54.00
國立清華大學,資訊工程學系乙組(資訊工程組),國x1.00、英x1.00、數甲x1.00、物x1.00、化x1.00,262,52.40
國立清華大學,資訊工程學系丙組(人工智慧組),國x1.00、英x1.00、數甲x1.00、物x1.00、化x1.00,262,52.40
國立清華大學,電機資訊學院學士班甲組,國x1.00、英x1.00、數甲x1.00、物x1.00、化x1.00,277,55.40
國立清華大學,電機資訊學院學士班乙組,國x1.00、英x1.00、數甲x1.00、物x1.00、化x1.00,268,53.60
國立清華大學,生命科學系,英x1.25、數甲x1.00、物x1.00、化x1.25、生x1.25,268.25,46.65
國立清華大學,醫學科學系,英x1.50、數甲x1.00、物x1.00、化x1.50、生x1.50,323,49.69
國立清華大學,生命科學暨醫學院學士班,數甲x1.00、物x1.00、化x1.00、生x1.00,187,46.75
國立清華大學,藝術與設計學系創作組,國x1.50、英x1.00、歷x1.50、術x2.00,300.76,50.13
國立清華大學,藝術與設計學系設計組,國x1.50、英x1.00、歷x1.50,191.5,47.88
國立清華大學,藝術學院學士班,國x1.50、英x1.50、物x1.00,194.5,48.62
中國醫藥大學,牙醫學系,國x1.00、數甲x1.00、物x1.00、化x1.00、生x1.25,284.75,54.24
中國醫藥大學,醫學系,國x1.00、數甲x1.00、物x1.00、化x1.00、生x1.00,273,54.60
中國醫藥大學,中醫學系甲組,國x1.25、英x1.00、數甲x1.25、化x1.00、生x1.00,292,53.09
中國醫藥大學,中醫學系乙組,國x1.25、英x1.00、數甲x1.25、化x1.00、生x1.00,291,52.91
中國醫藥大學,藥學系,國x1.00、英x1.00、數Ax1.00、化x1.00、生x1.00,262,52.40
中國醫藥大學,護理學系,國x1.00、英x1.00、生x1.00,127,42.33
中國醫藥大學,醫學檢驗生物技術學系,英x1.00、化x1.25、生x1.25,167,47.71
中國醫藥大學,營養學系,國x1.00、英x2.00、生x2.00,219,43.80
中國醫藥大學,物理治療學系,英x1.50、物x1.00、生x1.25,186.75,49.80
中國醫藥大學,生物科技學系,國x1.25、英x1.25、生x1.50,180.5,45.12
中國醫藥大學,運動醫學系,國x1.00、英x2.00、生x2.00,215,43.00
中國醫藥大學,中國藥學暨中藥資源學系,國x1.50、英x1.50、化x1.00,194.5,48.62
中國醫藥大學,藥用化妝品學系,英x1.00、化x1.00、生x1.00,114,38.00
中國醫藥大學,生物醫學影像暨放射科學學系,國x1.00、英x1.00、生x1.00,142,47.33
中國醫藥大學,公共衛生學院大一不分系,國x2.00、英x1.50、生x2.00,232.5,42.27
中國醫藥大學,生物醫學工程學系,國x1.50、英x1.50、生x1.00,192,48.00
中國醫藥大學,醫療資訊學系,英x1.25、數甲x1.00、生x1.25,128.5,36.71
國立陽明交通大學,電機工程學系甲組(電資國際組),英x2.00、數甲x1.00、物x1.00、化x1.00,286,57.20
國立陽明交通大學,電機工程學系乙組(電機工程組),英x1.50、數甲x1.00、物x1.50、化x1.50,308,56.00
國立陽明交通大學,電機工程學系丙組(醫學電資組),英x1.00、數甲x1.00、物x1.50、化x1.00,249,55.33
國立陽明交通大學,光電工程學系,英x2.00、數甲x1.00、物x1.50、化x1.50,317,52.83
國立陽明交通大學,資訊工程學系甲組,國x1.00、英x1.00、數甲x1.00、物x1.00、化x1.00,277,55.40
國立陽明交通大學,資訊工程學系乙組,國x1.00、英x1.00、數甲x1.00、物x1.00、化x1.00,264,52.80
國立陽明交通大學,半導體工程學系固態電子組,英x1.00、數甲x1.50、物x1.50、化x1.00,266.5,53.30
國立陽明交通大學,半導體工程學系奈米科學組,英x1.00、數甲x1.50、物x1.50、化x1.00,263.5,52.70
國立陽明交通大學,材料科學與工程學系-伊利諾雙聯組,英x1.00、自x1.00、數甲x1.00、物x1.00、化x1.00,265,53.00
國立陽明交通大學,材料科學與工程學系,英x1.00、自x1.00、數甲x1.00、物x1.00、化x1.00,264,52.80
國立陽明交通大學,機械工程學系,英x1.00、數甲x1.00、物x1.00、化x1.00,200,50.00
國立陽明交通大學,"土木工程學系(科技暨基礎建設永續發展
組)",英x1.00、數甲x1.00、物x1.00、化x1.00,184,46.00
國立陽明交通大學,理學院科學學士學位學程甲組,英x1.00、數甲x1.00、物x1.00、化x1.00,206,51.50
國立陽明交通大學,電子物理學系光電與奈米科學組,英x1.00、數甲x1.00、物x1.50、化x1.00,241,53.56
國立陽明交通大學,電子物理學系電子物理組,英x1.00、數甲x1.00、物x1.00、化x1.00,212,53.00
國立陽明交通大學,應用化學系,國x1.00、英x1.00、數甲x1.00、物x1.00、化x1.50,271.5,49.36
國立陽明交通大學,應用數學系,英x1.50、數甲x2.00、物x1.50、化x1.00,288,48.00
國立陽明交通大學,生物科技學系甲組,英x1.25、數甲x1.00、物x1.00、化x1.25、生x1.50,281.25,46.88
國立陽明交通大學,生物科技學系乙組,英x1.00、數甲x1.25、物x1.25、化x1.25,225.5,47.47
國立陽明交通大學,資訊管理與財務金融學系資訊管理組,國x1.00、英x1.50、數甲x2.00,240.5,53.44
國立陽明交通大學,資訊管理與財務金融學系財務金融組,國x1.00、英x2.00、數乙x2.00,278,55.60
國立陽明交通大學,管理科學系(自然組),國x1.00、英x1.50、數甲x1.00,174,49.71
國立陽明交通大學,管理科學系(社會組),國x1.00、英x2.00、數乙x2.00,264,52.80
國立陽明交通大學,運輸與物流管理學系,國x1.00、英x1.50、數甲x1.50、物x1.00,232,46.40
國立陽明交通大學,工業工程與管理學系甲組,國x1.00、英x1.00、數甲x1.00、物x1.00,199,49.75
國立陽明交通大學,工業工程與管理學系乙組,國x1.00、英x1.00、數乙x1.00,164,54.67
國立陽明交通大學,外國語文學系,國x1.50、英x2.00、地x1.00、歷x1.00,277,50.36
國立陽明交通大學,傳播與科技學系,國x1.50、英x1.50、數乙x1.00、地x1.00、歷x1.00,282,47.00
國立陽明交通大學,人文社會學系,國x1.00、英x1.00、地x1.00、歷x1.00、公x1.00,236,47.20
國立陽明交通大學,醫學系(自費),英x1.00、數甲x1.00、物x1.00、化x1.00、生x1.00,283,56.60
國立陽明交通大學,醫學系(公費),英x1.00、數甲x1.00、物x1.00、化x1.00、生x1.00,266,53.20
國立陽明交通大學,牙醫學系,英x1.00、數甲x1.00、物x1.00、化x1.00、生x1.00,280,56.00
國立陽明交通大學,醫學生物技術暨檢驗學系,國x1.00、英x1.75、數甲x1.00、化x2.00、生x1.75,367,48.93
國立陽明交通大學,生物醫學影像暨放射科學系,英x1.00、數甲x1.25、物x1.25、化x1.25、生x1.00,264,45.91
國立陽明交通大學,物理治療暨輔助科技學系,英x1.25、數甲x1.00、物x1.00、化x1.00、生x1.25,270.25,49.14
國立陽明交通大學,護理學系,國x1.00、英x1.50、數甲x1.00、化x1.00、生x1.00,253,46.00
國立陽明交通大學,生命科學系暨基因體科學研究所,英x1.00、數甲x1.00、物x1.00、化x1.25、生x1.50,269.25,46.83
國立陽明交通大學,生物醫學工程學系,英x1.00、數甲x1.00、物x1.00、化x1.00,196,49.00
國立陽明交通大學,學士班大一大二不分系,英x1.00、數甲x1.00、物x1.00、化x1.00、生x1.50,281.5,51.18
國立陽明交通大學,藥學系,英x1.00、數甲x1.00、物x1.00、化x1.00、生x1.00,264,52.80
國立陽明交通大學,中醫學系,國x1.00、英x1.00、數甲x1.00、化x1.00、生x1.00,269,53.80
淡江大學,中國文學學系,國x2.00、英x1.00、歷x1.50,120,26.67
淡江大學,歷史學系,國x1.50、英x1.00、歷x2.00,130,28.89
淡江大學,資訊與圖書館學系,國x2.00、英x1.00、公x1.00,107,26.75
淡江大學,大眾傳播學系,國x1.00、英x1.00、公x1.00,80,26.67
淡江大學,資訊傳播學系,國x2.00、英x1.00、公x1.00,121,30.25
淡江大學,教育科技學系,國x2.00、英x1.00、公x2.00,137,27.40
淡江大學,教育與未來設計學系,國x2.00、英x1.00、公x2.00,135,27.00
淡江大學,英文學系,國x1.00、英x2.00、歷x1.00,95,23.75
淡江大學,英文學系全英語學士班,國x1.00、英x2.00、地x1.00,88,22.00
淡江大學,歐洲語文學系法文組,國x1.00、英x1.00、歷x1.00,72,24.00
淡江大學,歐洲語文學系德文組,國x1.00、英x1.00、地x1.00,74,24.67
淡江大學,歐洲語文學系西文組,國x1.00、英x1.00、歷x1.00,77,25.67
淡江大學,歐洲語文學系俄文組,國x1.00、英x1.00、歷x1.00,72,24.00
淡江大學,日本語文學系,國x2.00、英x1.00、歷x1.00,125,31.25
淡江大學,財務金融學系,國x1.00、數Bx2.00、公x1.00,131,32.75
淡江大學,"財務金融學系全球財務管理全英語學士
班",英x2.00、數Bx1.00、公x1.50,114.5,25.44
淡江大學,國際企業學系經貿管理組,英x1.50、數Bx1.00、歷x1.50,105.5,26.38
淡江大學,國際企業學系國際商學全英語組,英x2.00、數Bx1.00、歷x1.50,100.5,22.33
淡江大學,風險管理與保險學系,國x1.00、數Bx1.00、公x1.00,83,27.67
淡江大學,經濟學系,國x1.00、數Bx2.00、公x1.00,113,28.25
淡江大學,會計學系,國x1.50、數Bx1.00、公x1.50,126.5,31.62
淡江大學,企業管理學系,國x1.50、數Bx1.00、歷x1.50,123,30.75
淡江大學,企業管理學系全英語學士班,國x1.50、英x2.00、歷x1.50,114,22.80
淡江大學,統計與資料科學學系,國x1.00、數Bx1.50、地x1.50,126,31.50
淡江大學,資訊管理學系,國x1.00、英x1.50、數乙x1.50,122.5,30.62
淡江大學,運輸管理學系,國x2.00、數Bx1.00、地x1.50,145.5,32.33
淡江大學,公共行政學系,國x1.50、歷x1.00、公x1.00,118.5,33.86
淡江大學,管理科學學系,國x1.00、數Bx1.00、公x1.00,83,27.67
淡江大學,外交與國際關係學系全英語學士班,國x1.00、英x1.50、歷x1.00,87.5,25.00
淡江大學,國際觀光管理學系全英語學士班,國x1.00、英x1.25、地x1.00,73.5,22.62
淡江大學,全球政治經濟學系全英語學士班,國x1.00、英x2.00、公x1.00,96,24.00
淡江大學,應用數學與數據科學學系,國x1.50、英x1.50、數甲x2.00,151,30.20
淡江大學,化學學系,英x1.00、自x2.00、化x2.00,179,35.80
淡江大學,物理學系(量子材料組),英x1.00、數Ax1.50、物x2.00,138,30.67
淡江大學,物理學系(天文與基礎物理組),國x1.00、英x1.00、數Ax2.00、物x1.50,173.5,31.55
淡江大學,建築學系,國x2.00、英x2.00、物x1.50,198,36.00
淡江大學,土木工程學系,國x2.00、數甲x1.00、物x1.25,138,32.47
淡江大學,資訊工程學系,國x2.00、英x1.50、數甲x2.00,194.5,35.36
淡江大學,資訊工程學系全英語學士班,英x2.00、數Bx2.00、歷x1.50,162,29.45
淡江大學,機械與機電工程學系,國x2.00、英x1.00、數甲x1.00,144,36.00
淡江大學,電機工程學系電機資訊組,國x1.00、英x1.00、物x1.50,135,38.57
淡江大學,電機工程學系電機通訊組,國x1.00、英x1.00、物x1.50,133.5,38.14
淡江大學,電機工程學系電機與系統組,國x1.00、英x1.00、物x1.50,135.5,38.71
淡江大學,化學工程與材料工程學系,國x1.00、數甲x1.00、化x1.50,119,34.00
淡江大學,航空太空工程學系,國x1.00、英x2.00、物x2.00,166,33.20
淡江大學,水資源及環境工程學系,國x2.00、英x1.00、數甲x1.00,134,33.50
淡江大學,人工智慧學系,國x1.00、英x1.00、物x1.00,101,33.67
逢甲大學,機械與電腦輔助工程學系,國x2.00、數甲x1.50、物x1.25,166,34.95
逢甲大學,纖維與複合材料學系,國x2.00、英x1.00、數甲x2.00、化x2.00,230,32.86
逢甲大學,工業工程與系統管理學系A組,國x2.00、英x2.00、數甲x1.00,188,37.60
逢甲大學,工業工程與系統管理學系B組,國x2.00、英x2.00、數乙x1.00,190,38.00
逢甲大學,化學工程學系,國x2.00、英x1.00、數甲x1.00、物x2.00、化x2.00,282,35.25
逢甲大學,航太與系統工程學系,國x2.00、英x1.00、數Ax1.50、物x1.75,231.5,37.04
逢甲大學,精密系統設計學士學位學程,國x2.00、英x1.00、數甲x2.00、物x1.50,214.5,33.00
逢甲大學,應用數學系A組,國x2.00、英x1.50、數甲x2.00,188.5,34.27
逢甲大學,應用數學系B組,國x2.00、英x1.50、數乙x2.00,194.5,35.36
逢甲大學,材料科學與工程學系,國x1.00、英x2.00、數甲x1.00、物x1.50、化x2.00,278.5,37.13
逢甲大學,環境工程與科學學系,國x2.00、英x1.00、數甲x1.75、化x2.00,217,32.15
逢甲大學,光電科學與工程學系,國x2.00、英x1.50、數甲x1.50,184,36.80
逢甲大學,會計學系,國x1.50、英x1.50、數乙x1.25、地x1.00、歷x1.00,193.5,30.96
逢甲大學,國際經營與貿易學系,國x1.00、英x2.00、數乙x1.00、地x1.00,141,28.20
逢甲大學,國際企業管理全英語學士學位學程,國x1.50、英x2.00、數乙x1.50、地x1.00,175,29.17
逢甲大學,財稅學系,國x1.25、英x1.50、數乙x1.50、歷x1.00,165.5,31.52
逢甲大學,合作經濟暨社會事業經營學系,國x1.50、英x2.00、數乙x1.00、歷x1.00,154.5,28.09
逢甲大學,統計學系商業大數據組,國x1.00、英x1.50、數乙x2.00、地x1.00,175,31.82
逢甲大學,統計學系大數據分析與市場決策組,英x1.50、數乙x2.00、地x1.00,143,31.78
逢甲大學,經濟學系,國x1.00、英x1.50、數乙x1.50,124.5,31.12
逢甲大學,企業管理學系,國x1.50、英x2.00、數乙x1.00、歷x1.50,174.5,29.08
逢甲大學,行銷學系,國x2.00、英x2.00、數乙x1.75,175.5,30.52
逢甲大學,中國文學系,國x2.00、英x1.25、歷x2.00,171.75,32.71
逢甲大學,外國語文學系,國x1.75、英x2.00、歷x1.50,167.25,31.86
逢甲大學,資訊工程學系甲組,國x1.00、英x1.50、數甲x1.50,155,38.75
逢甲大學,資訊工程學系乙組,國x1.00、英x1.50、數乙x1.50,164.5,41.12
逢甲大學,電子工程學系,國x1.00、英x1.00、數甲x1.75,142.75,38.07
逢甲大學,電機工程學系,國x1.50、英x1.00、數甲x1.25、物x1.25,194.5,38.90
逢甲大學,自動控制工程學系,國x1.25、英x1.00、數甲x2.00,148,34.82
逢甲大學,資訊電機學院學士班,國x1.50、英x1.00、數甲x1.50,152,38.00
逢甲大學,通訊工程學系甲組,國x1.75、英x1.50、數甲x2.00,191.25,36.43
逢甲大學,通訊工程學系乙組,國x1.75、英x1.50、數乙x2.00,213.25,40.62
逢甲大學,土木工程學系,國x2.00、英x1.00、數甲x1.50、物x2.00,215.5,33.15
逢甲大學,水利工程與資源保育學系,國x2.00、英x2.00、數甲x1.00,172,34.40
逢甲大學,都市計畫與空間資訊學系,國x2.00、英x1.00、數乙x1.00、地x2.00,197,32.83
逢甲大學,運輸與物流學系,國x2.00、英x2.00、數乙x1.75、公x1.00,202.5,30.00
逢甲大學,土地管理學系,國x1.50、英x1.00、數乙x1.00、地x1.50、歷x1.00,191,31.83
逢甲大學,財務金融學系,國x1.00、英x1.50、數乙x1.00、公x1.00,162.5,36.11
逢甲大學,風險管理與保險學系,國x1.50、英x1.00、數乙x1.00、地x1.50,161.5,32.30
逢甲大學,財務工程與精算學士學位學程,國x1.00、英x1.50、數乙x2.00、地x1.25,181.25,31.52
逢甲大學,金融學院學士班,國x1.00、英x1.50、數Bx1.50、公x1.00,168,33.60
逢甲大學,建築專業學院學士班,國x2.00、英x2.00、數Ax1.75、物x1.00,235.25,34.85
逢甲大學,室內設計學士學位學程,國x1.00、英x1.50、歷x1.50,130,32.50
逢甲大學,人工智慧技術與應用學士學位學程,國x1.00、英x1.25、數甲x1.50,132.5,35.33
國立中央大學,中國文學系,國x2.00、英x1.50、地x1.00、歷x1.50,267,44.50
國立中央大學,英美語文學系,國x1.50、英x2.00、地x1.00、歷x1.25,268.25,46.65
國立中央大學,法國語文學系,國x1.50、英x2.00、地x1.00、歷x1.25、公x1.00,306.5,45.41
國立中央大學,文學院學士班,國x1.00、英x1.00、數Bx1.00、歷x1.25、公x1.25,232.25,42.23
國立中央大學,數學系計算與資料科學組,國x1.00、英x1.50、數甲x1.50、物x1.25,233.5,44.48
國立中央大學,數學系數學科學組,國x1.00、英x1.50、數甲x1.50、物x1.25,231.25,44.05
國立中央大學,物理學系,國x1.00、英x1.00、數甲x1.50、物x1.50,235,47.00
國立中央大學,化學學系,國x1.00、英x1.00、數甲x1.00、物x1.00、化x1.00,231,46.20
國立中央大學,光電科學與工程學系,英x1.00、數甲x1.00、物x1.00、化x1.00,191,47.75
國立中央大學,理學院學士班,國x1.00、英x1.00、數甲x1.50、物x1.50、化x1.50,302,46.46
國立中央大學,土木工程學系,國x1.00、英x1.50、數甲x2.00、物x2.00、化x1.00,314,41.87
國立中央大學,機械工程學系先進材料與精密製造組,國x1.00、英x1.50、數甲x2.00、物x2.00、化x1.00,344,45.87
國立中央大學,機械工程學系光機電工程組,國x1.00、英x1.50、數甲x2.00、物x2.00、化x1.00,343.5,45.80
國立中央大學,機械工程學系設計與分析組,國x1.00、英x1.50、數甲x2.00、物x2.00、化x1.00,337.5,45.00
國立中央大學,化學工程與材料工程學系,國x1.00、英x1.00、數甲x1.00、物x1.00、化x1.00,238,47.60
國立中央大學,工學院學士班,英x1.00、自x1.50、物x1.00、化x1.00,228.5,50.78
國立中央大學,企業管理學系,國x1.50、英x2.00、數乙x2.00、公x1.00,301,46.31
國立中央大學,資訊管理學系,國x1.50、英x2.00、數甲x2.00,252.5,45.91
國立中央大學,經濟學系,國x1.25、英x2.00、數乙x2.00、公x1.00,301,48.16
國立中央大學,財務金融學系,國x1.00、英x1.50、地x1.00、公x1.00,219.5,48.78
國立中央大學,電機工程學系,英x1.00、數甲x1.00、物x1.00、化x1.00,205,51.25
國立中央大學,資訊工程學系,英x1.00、數甲x1.00、物x1.00、化x1.00,199,49.75
國立中央大學,通訊工程學系,英x1.00、數甲x1.50、物x1.50、化x1.00,244,48.80
國立中央大學,資訊電機學院學士班,英x1.00、數甲x1.00、物x1.00、化x1.00,204,51.00
國立中央大學,大氣科學學系,國x1.00、英x1.00、數甲x2.00、物x2.00、化x1.00,292,41.71
國立中央大學,太空科學與工程學系,國x1.00、英x1.00、數甲x2.00、物x2.00、化x1.00,312,44.57
國立中央大學,地球科學學系,英x1.50、數甲x2.00、物x2.00、化x1.00,267,41.08
國立中央大學,地球科學學院學士班,數甲x2.00、物x2.00、化x1.00,207,41.40
國立中央大學,"客家語文暨社會科學學系客家語文及傳
播組",國x1.50、英x1.00、數Bx1.00、歷x1.00、公x1.50,236,39.33
國立中央大學,"客家語文暨社會科學學系客家社會及政
策組",國x1.50、英x1.00、數Bx1.00、歷x1.00、公x1.50,239,39.83
國立中央大學,生命科學系,國x1.00、英x1.00、數甲x1.00、化x1.25、生x1.50,251.75,43.78
國立中央大學,生醫科學與工程學系,英x1.00、數甲x1.00、物x1.25、化x1.25,207.5,46.11
中國文化大學,哲學系,國x2.00、社x2.00、公x1.00,113,22.60
中國文化大學,中國文學系,國x1.25、社x1.00、歷x1.00,68,20.92
中國文化大學,史學系,國x1.00、社x1.00、歷x2.00,101,25.25
中國文化大學,日本語文學系,國x2.00、社x1.50、公x1.50,134.5,26.90
中國文化大學,韓國語文學系,國x2.00、英x1.00、公x2.00,134,26.80
中國文化大學,歐美語文學系,國x1.00、英x1.50、公x1.00,54.5,15.57
中國文化大學,全球商務學士學位學程,國x1.00、英x2.00、公x1.00,78,19.50
中國文化大學,應用數學系,國x2.00、英x1.50、數甲x2.00,130.5,23.73
中國文化大學,光電物理學系,國x1.00、英x1.00、數Ax1.50、自x2.00、物x2.00,194.5,25.93
中國文化大學,化學系,國x1.50、自x2.00、化x2.00,172,31.27
中國文化大學,地理學系A組,國x1.00、自x1.50、物x2.00,111,24.67
中國文化大學,地理學系B組,國x1.00、社x1.50、地x2.00,109.5,24.33
中國文化大學,大氣與地質科學系,國x1.00、自x1.50、物x1.50,98.5,24.62
中國文化大學,生命科學系,國x1.00、英x1.00、生x2.00,117,29.25
中國文化大學,法律學系,國x1.00、歷x1.00、公x2.00,132,33.00
中國文化大學,政治學系,國x1.00、社x1.50、公x2.00,100.5,22.33
中國文化大學,經濟學系,國x1.00、社x1.00、公x2.00,97,24.25
中國文化大學,勞動暨人力資源學系,國x1.00、社x1.00、公x1.50,73.5,21.00
中國文化大學,社會福利學系,國x1.50、社x2.00、公x2.00,137.5,25.00
中國文化大學,行政管理學系,國x2.00、社x1.50、公x1.50,124,24.80
中國文化大學,園藝暨生物技術學系,國x2.00、自x2.00、化x1.50,143,26.00
中國文化大學,動物科學系,國x1.50、自x1.00、生x1.00,104.5,29.86
中國文化大學,森林暨自然保育學系(A組),國x1.00、社x1.00、公x1.00,75,25.00
中國文化大學,森林暨自然保育學系(B組),國x1.00、自x1.00、生x2.00,106,26.50
中國文化大學,土地資源學系科技應用組,國x1.25、自x1.00、化x2.00,99.25,23.35
中國文化大學,土地資源學系土地管理組,國x1.25、地x1.75、公x1.50,114.25,25.39
中國文化大學,生活應用科學系,國x2.00、歷x1.50、公x1.50,103.5,20.70
中國文化大學,保健營養學系,國x2.00、自x1.00、化x2.00,135,27.00
中國文化大學,化學工程與材料工程學系(程序工程組),國x2.00、數甲x1.00、化x2.00,142,28.40
中國文化大學,化學工程與材料工程學系(材料工程組),國x2.00、英x1.00、物x2.00,148,29.60
中國文化大學,化學工程與材料工程學系(生化工程組),國x2.00、英x1.00、生x2.00,146,29.20
中國文化大學,電機工程學系A組,國x2.00、數Ax2.00、物x1.00,152,30.40
中國文化大學,電機工程學系B組,國x2.00、英x1.00、數Ax1.00、物x1.00,144,28.80
中國文化大學,機械工程學系,國x1.00、英x1.00、物x2.00,92,23.00
中國文化大學,紡織科技創新與應用工程學系,國x2.00、英x1.00、化x1.00,97,24.25
中國文化大學,資訊工程學系A組,國x2.00、英x1.00、數Ax2.00、物x2.00,167,23.86
中國文化大學,資訊工程學系B組,國x2.00、英x1.00、數Bx2.00、歷x2.00,156,22.29
中國文化大學,國際貿易學系,國x1.00、社x1.00、公x1.00,78,26.00
中國文化大學,國際企業管理學系,國x1.00、社x1.00、公x2.00,101,25.25
中國文化大學,會計學系,國x2.00、社x1.00、公x1.75,121.25,25.53
中國文化大學,觀光事業學系,國x1.50、英x1.50、歷x1.00,80.5,20.12
中國文化大學,資訊管理學系(智慧商務科技組),國x1.00、英x1.00、公x2.00,89,22.25
中國文化大學,資訊管理學系(人工智慧組),國x1.00、英x1.00、物x2.00,89,22.25
中國文化大學,財務金融學系金融行銷組,國x1.50、歷x2.00、公x2.00,139.5,25.36
中國文化大學,財務金融學系財務金融組,國x1.50、社x1.00、公x2.00,115.5,25.67
中國文化大學,財務金融學系數位金融組,國x1.50、歷x1.75、公x2.00,135.5,25.81
中國文化大學,行銷學士學位學程,國x1.00、英x1.00、歷x2.00、公x2.00,125,20.83
中國文化大學,新聞學系,國x1.75、英x1.75、公x2.00,107,19.45
中國文化大學,廣告學系A組,國x2.00、英x2.00、公x1.00,90,18.00
中國文化大學,廣告學系B組,國x1.00、公x1.00、術x1.00,89.1,29.70
中國文化大學,資訊傳播學系,國x2.00、英x1.00、公x1.75,102,21.47
中國文化大學,大眾傳播學系,國x2.00、英x1.50、社x1.50、公x1.00,125,20.83
中國文化大學,美術學系,國x1.00、歷x1.00、術x2.00,175,43.75
中國文化大學,音樂學系A組,國x1.00、英x1.00、歷x1.00、術x2.00,-----,-----
中國文化大學,音樂學系B組,國x2.00、英x1.50、歷x1.00,72,16.00
中國文化大學,戲劇學系,國x1.50、英x1.00、歷x1.00,80.5,23.00
中國文化大學,中國戲劇學系,國x1.00、社x1.00、歷x1.00,64,21.33
中國文化大學,都市計劃與開發管理學系不動產投資組,國x2.00、英x2.00、公x1.00,96,19.20
中國文化大學,"都市計劃與開發管理學系智慧城市與都
市更新組",國x2.00、英x2.00、地x1.00,103,20.60
中國文化大學,建築及都市設計學系建築及室內設計組,國x2.00、英x1.00、地x1.00,107,26.75
中國文化大學,建築及都市設計學系建築及都市設計組,國x2.00、英x1.00、物x1.00,109,27.25
中國文化大學,景觀學系A組,國x2.00、英x2.00、地x1.00,104,20.80
中國文化大學,景觀學系B組,國x2.00、英x1.00、生x2.00,133,26.60
中國文化大學,教育與學習科技學系,國x1.50、社x2.00、公x2.00,125.5,22.82
中國文化大學,心理輔導學系,國x1.50、英x1.00、公x2.00,124.5,27.67
靜宜大學,英國語文學系,國x1.50、英x2.00、公x1.00,102,22.67
靜宜大學,西班牙語文學系,國x2.00、英x1.50、歷x1.00,87.5,19.44
靜宜大學,日本語文學系,國x2.00、英x1.00、歷x1.50,115.5,25.67
靜宜大學,中國文學系,國x2.00、社x2.00、公x1.00,117,23.40
靜宜大學,社會工作與兒童少年福利學系,國x2.00、英x1.00、公x2.00,130,26.00
靜宜大學,台灣文學系,國x2.00、社x2.00、歷x1.25,130.75,24.90
靜宜大學,法律學系,國x2.00、歷x1.00、公x2.00,180,36.00
靜宜大學,生態人文學系(自然組),國x1.00、英x1.00、生x2.00,115,28.75
靜宜大學,生態人文學系(人文組),國x1.00、英x1.00、公x2.00,104,26.00
靜宜大學,大眾傳播學系,國x2.00、英x2.00、歷x1.75,145.25,25.26
靜宜大學,財務工程學系(智慧金融組),國x2.00、數Bx2.00、公x1.00,144,28.80
靜宜大學,財務工程學系(數位金融組),國x2.00、數Bx2.00、物x1.00,156,31.20
靜宜大學,應用化學系,國x1.75、自x2.00、化x2.00,197,34.26
靜宜大學,食品營養學系,國x2.00、自x2.00、化x1.00,167,33.40
靜宜大學,化粧品科學系(化粧品化學組),國x2.00、英x1.00、化x2.00,147,29.40
靜宜大學,化粧品科學系(生醫科學組),國x2.00、英x1.00、生x2.00,158,31.60
靜宜大學,"資料科學暨大數據分析與應用學系(人工
智慧應用組)",國x1.50、數乙x2.00、物x1.00,122,27.11
靜宜大學,"資料科學暨大數據分析與應用學系(大數
據應用組)",國x1.50、英x1.00、數乙x2.00,119,26.44
靜宜大學,永續環境與智慧科技學士學位學程,國x2.00、自x2.00、化x1.00,152,30.40
靜宜大學,行銷與數位經營管理學系,國x2.00、英x1.00、歷x1.50,120,26.67
靜宜大學,國際企業學系(國際經營與行銷組),國x1.50、英x1.50、公x1.00,108,27.00
靜宜大學,國際企業學系(國際貿易與運籌組),國x1.50、英x1.50、歷x1.00,104,26.00
靜宜大學,會計學系,國x2.00、英x1.00、歷x2.00,134,26.80
靜宜大學,觀光事業學系,國x1.00、地x1.00、歷x1.00,85,28.33
靜宜大學,財務金融學系(金融管理組),國x2.00、英x1.50、歷x2.00,156,28.36
靜宜大學,財務金融學系(投資管理組),國x2.00、英x1.50、地x2.00,161.5,29.36
靜宜大學,資訊管理學系(人工智慧應用組),國x2.00、英x1.75、物x1.50,168,32.00
靜宜大學,資訊管理學系(巨量資料管理組),國x2.00、英x1.50、歷x1.75,147.75,28.14
靜宜大學,資訊管理學系(智慧商務應用組),國x2.00、英x1.00、公x1.75,145.75,30.68
靜宜大學,資訊工程學系(智慧電子與IC設計組),英x1.00、數Bx1.00、物x2.00,120,30.00
靜宜大學,資訊工程學系(智慧晶片與機器人組),英x1.00、數Bx1.50、歷x1.00,91,26.00
靜宜大學,資訊工程學系(物聯網與大數據組),國x2.00、數Bx1.50、化x1.50,161,32.20
靜宜大學,人工智慧應用學系(元宇宙應用創作組),國x2.00、英x1.00、歷x2.00,138,27.60
靜宜大學,"人工智慧應用學系(人工智慧與遊戲設計
組)",國x2.00、英x1.00、物x2.00,141,28.20
靜宜大學,晶片設計學士學位學程,國x2.00、數Ax1.50、物x1.00,128,28.44
靜宜大學,寰宇管理學士學位學程,國x1.50、英x2.00、公x1.00,128,28.44
靜宜大學,寰宇外語教育學士學位學程,國x1.75、英x2.00、公x1.50,108.25,20.62
靜宜大學,智慧媒體與創新科技應用學士學位學程,國x1.50、英x2.00、公x1.00,95,21.11
大同大學,機械與材料工程學系,國x2.00、英x1.75、數甲x2.00,157.75,27.43
大同大學,化學工程與生物科技學系(化學工程組),國x2.00、英x1.75、化x2.00,181.5,31.57
大同大學,化學工程與生物科技學系(生物科技組),國x2.00、英x1.75、生x2.00,179,31.13
大同大學,工程學院學士班,國x1.50、英x1.75、物x2.00,152.25,29.00
大同大學,電機工程學系(甲組),國x1.00、英x1.00、數甲x1.00,102,34.00
大同大學,電機工程學系(乙組),國x1.00、英x1.00、數Ax1.00、物x1.00,125,31.25
大同大學,資訊工程學系(甲組),國x1.00、英x1.50、物x1.00,108.5,31.00
大同大學,資訊工程學系(乙組),國x1.00、英x1.50、數Bx2.00、公x1.00,162.5,29.55
大同大學,事業與資訊經營學系(甲組),國x1.00、英x1.00、公x1.00,75,25.00
大同大學,事業與資訊經營學系(乙組),國x1.00、英x1.00、物x1.00,73,24.33
大同大學,事業與資訊經營學系(丙組),國x1.00、英x1.00、歷x1.00,70,23.33
大同大學,工業設計學系(自然一組),國x2.00、英x2.00、數甲x1.00,147,29.40
大同大學,工業設計學系(自然二組),國x1.00、英x1.75、物x2.00,128.25,27.00
大同大學,工業設計學系(社會一組),英x2.00、數Bx1.00、歷x2.00,125,25.00
大同大學,工業設計學系(社會二組),國x2.00、地x1.75、歷x2.00,213.75,37.17
大同大學,"數位媒體設計學系互動媒體設計組(自然
組)",國x1.00、英x1.00、數乙x2.00,112,28.00
大同大學,"數位媒體設計學系互動媒體設計組(社會
組)",國x1.00、英x1.00、歷x2.00,107,26.75
大同大學,"數位媒體設計學系數位遊戲設計組(自然
組)",國x1.00、數Bx1.00、物x2.00,107,26.75
大同大學,"數位媒體設計學系數位遊戲設計組(社會
組)",國x1.00、數Bx1.00、歷x2.00,115,28.75
大同大學,應用外語學系,國x2.00、英x2.00、歷x1.75,136.5,23.74
輔仁大學,中國文學系,國x2.00、英x1.00、歷x1.00,136,34.00
輔仁大學,歷史學系,國x2.00、英x1.00、歷x2.00,184,36.80
輔仁大學,哲學系,國x2.00、英x1.00、公x2.00,165,33.00
輔仁大學,人文與社區創新學士學位學程,國x1.50、社x1.50、公x2.00,195,39.00
輔仁大學,音樂學系,國x1.00、歷x1.00、術x2.00,225.18,56.30
輔仁大學,應用美術學系,國x2.00、英x2.00、歷x1.50,227.5,41.36
輔仁大學,景觀設計學系(社會組),國x1.50、英x1.50、地x1.00、歷x1.00,172.5,34.50
輔仁大學,景觀設計學系(自然組),國x1.50、英x1.50、生x1.00,141,35.25
輔仁大學,影像傳播學系,國x2.00、英x2.00、公x1.00,204,40.80
輔仁大學,新聞傳播學系,國x2.00、英x1.00、公x2.00,207,41.40
輔仁大學,廣告傳播學系,國x1.50、英x2.00、數Bx1.00、公x1.00,202,36.73
輔仁大學,圖書資訊學系,國x2.00、英x1.00、數乙x2.00,171,34.20
輔仁大學,體育學系體育學組,國x2.00、英x2.00、生x1.00,187,37.40
輔仁大學,體育學系運動健康管理組,國x2.00、英x2.00、生x1.00,195,39.00
輔仁大學,教育領導與科技發展學士學位學程,國x2.00、英x2.00、公x1.00,176,35.20
輔仁大學,護理學系,國x1.00、英x1.50、生x1.50,139.5,34.88
輔仁大學,公共衛生學系,國x1.50、英x1.50、化x1.00,140,35.00
輔仁大學,醫學系(自費),英x1.00、數甲x1.00、物x1.00、化x1.00、生x1.00,271,54.20
輔仁大學,醫學系(公費),英x1.25、數甲x1.00、物x1.00、化x1.00、生x1.25,293,53.27
輔仁大學,臨床心理學系,國x1.25、英x2.00、數甲x1.00,186.5,43.88
輔仁大學,職能治療學系,國x1.25、英x2.00、生x2.00,234.25,44.62
輔仁大學,呼吸治療學系,英x1.25、化x1.00、生x1.25,139.75,39.93
輔仁大學,數學系資訊數學組,國x1.25、英x1.25、數甲x2.00,146,32.44
輔仁大學,數學系應用數學組,國x1.25、英x1.25、數甲x2.00,141.5,31.44
輔仁大學,化學系,英x1.50、數甲x1.50、化x2.00,156.5,31.30
輔仁大學,資訊工程學系,國x1.50、英x1.00、數甲x1.00,134,38.29
輔仁大學,生命科學系,英x1.00、化x1.50、生x2.00,157.5,35.00
輔仁大學,物理學系電子物理組,國x1.00、英x1.00、數甲x1.50、物x2.00,179.5,32.64
輔仁大學,物理學系光電物理組,國x1.00、英x1.00、數甲x1.50、物x2.00,177,32.18
輔仁大學,電機工程學系,國x1.00、英x1.00、數甲x1.00、物x1.00,149,37.25
輔仁大學,醫學資訊與創新應用學士學位學程,國x1.00、英x1.00、數甲x1.00,100,33.33
輔仁大學,人工智慧與資訊安全學士學位學程,國x1.00、英x1.00、數甲x1.00,105,35.00
輔仁大學,英國語文學系,國x1.50、英x2.00、歷x1.00,200,44.44
輔仁大學,法國語文學系,國x2.00、英x2.00、歷x1.00,200,40.00
輔仁大學,西班牙語文學系,國x2.00、英x2.00、歷x1.00,192,38.40
輔仁大學,日本語文學系,國x1.50、英x1.50、歷x1.00、公x1.00,202,40.40
輔仁大學,義大利語文學系,國x2.00、英x2.00、歷x1.00,189,37.80
輔仁大學,德語語文學系,國x1.50、英x1.50、歷x1.25,160.75,37.82
輔仁大學,國際溝通與科技創新學士學位學程,國x2.00、英x2.00、歷x1.00,208,41.60
輔仁大學,織品服裝學系織品設計組,國x1.50、英x2.00、歷x1.00,147.5,32.78
輔仁大學,織品服裝學系服飾設計組,國x1.50、英x2.00、歷x1.00,155,34.44
輔仁大學,織品服裝學系織品服飾行銷組,國x1.50、英x2.00、歷x1.00,161.5,35.89
輔仁大學,餐旅管理學系,國x2.00、英x2.00、公x1.50,182.5,33.18
輔仁大學,兒童與家庭學系,國x2.00、英x2.00、公x1.50,197.5,35.91
輔仁大學,食品科學系,國x1.00、英x1.00、化x2.00,134,33.50
輔仁大學,營養科學系,國x1.00、英x2.00、化x2.00、生x2.00,269,38.43
輔仁大學,法律學系,國x1.00、英x1.00、歷x1.00、公x1.00,184,46.00
輔仁大學,財經法律學系,國x1.00、英x1.00、歷x1.00、公x1.00,183,45.75
輔仁大學,企業管理學系,國x1.00、英x2.00、數乙x1.00、公x1.00,199,39.80
輔仁大學,會計學系,國x1.00、英x1.25、數乙x1.50,145.5,38.80
輔仁大學,資訊管理學系,國x1.00、英x2.00、數乙x2.00,207,41.40
輔仁大學,統計資訊學系,國x1.00、英x2.00、數乙x2.00,188,37.60
輔仁大學,金融與國際企業學系,國x1.00、英x2.00、數乙x2.00,222,44.40
輔仁大學,社會學系,國x1.00、英x2.00、公x2.00,183,36.60
輔仁大學,社會工作學系,國x1.50、英x1.00、地x1.50,144.5,36.12
輔仁大學,經濟學系,英x2.00、數Bx2.00、公x1.00,172,34.40
輔仁大學,宗教學系,國x2.00、英x1.00、歷x1.00,127,31.75
輔仁大學,心理學系,國x1.00、英x1.00、數Bx1.00、公x2.00,215,43.00
國立臺灣海洋大學,商船學系,國x1.00、英x2.00、數Ax1.50、物x1.50,217,36.17
國立臺灣海洋大學,航運管理學系,國x1.00、英x2.00、數乙x1.50、地x1.00,221.5,40.27
國立臺灣海洋大學,運輸科學系A組,國x1.00、英x2.00、數乙x2.00,210,42.00
國立臺灣海洋大學,運輸科學系B組,國x1.00、英x2.00、數甲x2.00,182,36.40
國立臺灣海洋大學,輪機工程學系,國x1.00、英x1.50、數甲x1.50、物x1.50、化x1.00,229.5,35.31
國立臺灣海洋大學,海洋觀光管理學士學位學程,國x1.50、英x2.00、數乙x1.00、地x1.00,191,34.73
國立臺灣海洋大學,海洋經營管理學士學位學程,國x1.00、英x2.00、數乙x1.00、歷x1.00,196,39.20
國立臺灣海洋大學,食品科學系,國x1.00、英x2.00、自x1.00、化x2.00、生x2.00,251,31.38
國立臺灣海洋大學,水產養殖學系,國x1.00、英x1.50、化x1.50、生x2.00,179.5,29.92
國立臺灣海洋大學,生命科學暨生物科技學系,國x1.50、英x1.00、化x1.00、生x2.00,207,37.64
國立臺灣海洋大學,海洋生物科技學士學位學程,國x1.00、英x1.50、化x1.50、生x1.50,190,34.55
國立臺灣海洋大學,環境生物與漁業科學學系,國x1.00、英x2.00、生x1.50,148,32.89
國立臺灣海洋大學,海洋環境資訊系,國x1.00、英x1.50、數甲x1.50、物x1.50、化x1.00,226.5,34.85
國立臺灣海洋大學,機械與機電工程學系,國x1.00、英x1.50、數甲x1.50、物x1.50、化x1.00,259,39.85
國立臺灣海洋大學,系統工程暨造船學系,英x1.00、數甲x1.75、物x1.50,147.25,34.65
國立臺灣海洋大學,河海工程學系,國x1.00、英x1.00、數甲x1.50、物x1.25、化x1.00,190.25,33.09
國立臺灣海洋大學,海洋工程科技學士學位學程,國x1.00、英x1.50、數甲x1.50、物x1.50,209,38.00
國立臺灣海洋大學,電機工程學系,國x1.00、英x1.00、數甲x1.00、物x1.00、化x1.00,219,43.80
國立臺灣海洋大學,資訊工程學系,國x1.00、英x1.00、數甲x1.00、物x1.00,171,42.75
國立臺灣海洋大學,通訊與導航工程學系,英x1.00、數Ax1.50、物x1.50,164,41.00
國立臺灣海洋大學,光電與材料科技學系,英x1.25、數甲x1.50、物x1.50、化x1.00,215.75,41.10
國立臺灣海洋大學,海洋法政學士學位學程,國x1.50、英x2.00、公x1.00,181.5,40.33
國立臺灣海洋大學,海洋文創設計產業學士學位學程,國x1.00、英x1.00、公x1.00,103,34.33
國立高雄師範大學,國文學系,國x2.00、英x1.25、歷x1.25,175.25,38.94
國立高雄師範大學,英語學系,國x1.75、英x2.00、歷x1.50,206.5,39.33
國立高雄師範大學,地理學系,國x1.00、英x1.50、社x1.00、地x1.50,212.5,42.50
國立高雄師範大學,數學系數學組,英x1.25、數Ax2.00、數甲x2.00、物x1.00,210.75,33.72
國立高雄師範大學,數學系應用數學組,英x1.25、數Ax2.00、數甲x2.00、物x1.00,216.5,34.64
國立高雄師範大學,化學系,英x1.00、數甲x1.00、化x1.00,119,39.67
國立高雄師範大學,物理學系,國x1.00、英x1.00、數甲x1.00、物x1.00、化x1.00,198,39.60
國立高雄師範大學,生物科技系,國x1.25、英x1.25、數甲x1.00、生x1.50,187.5,37.50
國立高雄師範大學,教育學系,國x1.50、英x1.75、數Bx1.75、公x1.00,224,37.33
國立高雄師範大學,特殊教育學系,國x1.25、英x1.25、公x1.00,138,39.43
國立高雄師範大學,體育學系,國x2.00、英x2.00、數Bx1.00、生x2.00、術x1.00,256.47,32.06
國立高雄師範大學,事業經營學系,國x1.50、英x2.00、數Bx1.75、公x1.00,234,37.44
國立高雄師範大學,工業科技教育學系科技教育與訓練組,國x1.00、英x1.25、數甲x1.25、物x1.25,174,36.63
國立高雄師範大學,工業科技教育學系能源與冷凍空調組,英x1.00、數甲x1.00、物x1.00,104,34.67
國立高雄師範大學,工業設計學系,國x1.00、英x2.00、歷x1.00,152,38.00
國立高雄師範大學,電子工程學系,國x1.00、英x1.00、數甲x1.25、物x1.50,194.5,40.95
國立高雄師範大學,軟體工程與管理學系,國x1.00、英x1.00、數甲x1.00,126,42.00
國立高雄師範大學,電機工程學系,國x1.00、英x1.00、數甲x1.00、物x1.00、化x1.00,208,41.60
國立高雄師範大學,美術學系,國x1.00、英x1.00、歷x1.00、術x2.00,230.06,46.01
國立高雄師範大學,音樂學系,國x1.00、英x1.00、歷x1.00、術x2.00,245.4,49.08
國立高雄師範大學,視覺設計學系,國x1.00、英x1.00、歷x1.00、術x2.00,235,47.00
國立彰化師範大學,輔導與諮商學系學校輔導與諮商組,國x2.00、英x2.00、社x1.00、歷x1.00、公x1.00,332,47.43
國立彰化師範大學,輔導與諮商學系社區輔導與諮商組,國x2.00、英x2.00、社x1.00、歷x1.00、公x1.50,342.5,45.67
國立彰化師範大學,特殊教育學系,國x1.25、英x1.25、公x1.00,146,41.71
國立彰化師範大學,數學系,英x1.00、自x1.00、數甲x2.00,152,38.00
國立彰化師範大學,物理學系物理組,英x1.00、數Ax1.50、物x2.00,183,40.67
國立彰化師範大學,物理學系光電組,英x1.00、數Ax1.50、物x2.00,184.5,41.00
國立彰化師範大學,生物學系,國x1.00、英x1.75、化x1.50、生x2.00,250.25,40.04
國立彰化師範大學,化學系,英x1.00、數Ax1.25、物x1.25、化x2.00,225.75,41.05
國立彰化師範大學,英語學系(社會組),國x1.00、英x1.50、歷x1.00,146,41.71
國立彰化師範大學,英語學系(自然組),國x1.00、英x1.50、化x1.00,157.5,45.00
國立彰化師範大學,國文學系,國x1.50、英x1.00、歷x1.00,135.5,38.71
國立彰化師範大學,地理學系,英x1.25、數Bx1.00、地x1.50、公x1.25,203,40.60
國立彰化師範大學,美術學系,國x1.00、英x1.00、歷x1.00、術x2.00,236.24,47.25
國立彰化師範大學,機電工程學系,國x1.00、英x2.00、數甲x2.00、物x2.00、化x1.00,320,40.00
國立彰化師範大學,電機工程學系,英x1.00、數甲x2.00、物x2.00,210,42.00
國立彰化師範大學,電子工程學系,國x1.00、英x2.00、數甲x2.00、物x2.00、化x1.00,336,42.00
國立彰化師範大學,資訊工程學系,英x1.50、數甲x2.00、物x1.50,200.5,40.10
國立彰化師範大學,企業管理學系,國x1.00、英x2.00、公x1.00,163,40.75
國立彰化師範大學,會計學系,國x1.00、英x2.00、公x1.00,163,40.75
國立彰化師範大學,資訊管理學系資訊管理組,國x1.00、英x2.00、數Bx2.00、歷x1.00,238,39.67
國立彰化師範大學,資訊管理學系數位內容科技與管理組,國x1.00、英x2.00、數Ax2.00、物x1.00,238,39.67
國立彰化師範大學,運動學系,國x2.00、英x2.00、生x1.00、術x1.00,217.38,36.23
國立彰化師範大學,公共事務與公民教育學系公民教育組,國x1.25、英x1.25、歷x1.00、公x2.00,250.75,45.59
國立彰化師範大學,公共事務與公民教育學系公共事務組,國x1.25、英x1.25、歷x1.00、公x2.00,244.75,44.50
中山醫學大學,醫學系,英x1.00、數甲x1.00、物x1.00、化x1.00、生x1.00,267,53.40
中山醫學大學,醫學社會暨社會工作學系,國x1.50、英x1.00、公x2.00,148.5,33.00
中山醫學大學,護理學系,國x1.00、英x1.00、化x1.00、生x1.00,131,32.75
中山醫學大學,牙醫學系,英x1.00、數甲x1.00、物x1.00、化x1.00、生x1.25,280.25,53.38
中山醫學大學,醫學檢驗暨生物技術學系,國x1.00、英x1.00、化x1.00、生x1.00,172,43.00
中山醫學大學,物理治療學系,國x1.50、英x1.50、物x1.00、生x1.50,262.5,47.73
中山醫學大學,職能治療學系,國x1.25、英x1.50、生x1.00,178,47.47
中山醫學大學,語言治療與聽力學系語言治療組,國x1.50、英x2.00、物x1.00、生x1.50,258.5,43.08
中山醫學大學,語言治療與聽力學系聽力組,國x1.50、英x2.00、物x1.50、生x1.00,234.5,39.08
中山醫學大學,生物醫學科學學系,英x1.00、數甲x1.00、化x1.00、生x2.00,178,35.60
中山醫學大學,視光學系,國x1.00、英x1.00、物x1.00、生x1.50,165.5,36.78
中山醫學大學,醫學影像暨放射科學系,數甲x1.25、物x2.00、生x1.50,160.75,33.84
中山醫學大學,心理學系,國x1.50、英x2.00、數甲x1.00,193,42.89
中山醫學大學,營養學系,國x1.75、化x2.00、生x2.00,231,40.17
中山醫學大學,公共衛生學系(A組),國x2.00、英x2.00、化x1.00,207,41.40
中山醫學大學,公共衛生學系(B組),國x2.00、英x2.00、歷x1.00,192,38.40
中山醫學大學,醫療產業科技管理學系,國x1.00、英x1.50、數乙x1.00、地x1.00,139.5,31.00
中山醫學大學,職業安全衛生學系,國x1.00、英x1.00、化x1.00,104,34.67
中山醫學大學,醫學應用化學系,國x1.00、數甲x1.00、化x2.00,154,38.50
中山醫學大學,健康產業科技管理學系,國x1.00、英x1.00、化x1.00,104,34.67
中山醫學大學,醫學資訊學系,國x1.00、英x2.00、數甲x2.00,176,35.20
中山醫學大學,應用外國語言學系,國x1.00、英x1.50、歷x1.00,113,32.29
國立中山大學,中國文學系,國x2.00、英x1.00、地x1.00、歷x1.00,224,44.80
國立中山大學,外國語文學系,國x1.50、英x2.00、地x1.00、歷x1.00,251.5,45.73
國立中山大學,音樂學系,國x1.00、英x1.00、歷x1.00、術x2.00,210,42.00
國立中山大學,劇場藝術學系(男),國x2.00、英x2.00、歷x1.00,206,41.20
國立中山大學,劇場藝術學系(女),國x2.00、英x2.00、歷x1.00,212,42.40
國立中山大學,生物科學系,國x1.00、英x1.25、數甲x1.00、化x1.25、生x1.50,254.5,42.42
國立中山大學,生物科學系英語組,國x1.00、英x1.50、數甲x1.00、化x1.25、生x1.50,263.25,42.12
國立中山大學,化學系,國x1.00、英x1.00、數甲x1.00、物x1.00、化x2.00,271,45.17
國立中山大學,化學系英語組,國x1.00、英x2.00、數甲x1.00、物x1.00、化x1.00,268,44.67
國立中山大學,物理學系,國x1.00、英x1.75、數甲x1.75、物x1.50、化x1.00,315.25,45.04
國立中山大學,物理學系量子科技組(全英),國x1.00、英x2.00、數甲x1.75、物x1.50、化x1.00,326.5,45.03
國立中山大學,應用數學系,英x1.00、數甲x2.00、物x1.50,189.5,42.11
國立中山大學,應用數學系英語組,英x1.50、數甲x2.00、物x1.00,191.5,42.56
國立中山大學,電機工程學系,英x1.00、數甲x1.00、物x1.00、化x1.00,202,50.50
國立中山大學,電機工程學系全英語組,英x1.00、數甲x1.00、物x1.00、化x1.00,194,48.50
國立中山大學,機械與機電工程學系,國x1.00、數甲x1.50、物x2.00,211,46.89
國立中山大學,機械與機電工程學系全英語組,英x2.00、數甲x1.50、物x2.00,253,46.00
國立中山大學,資訊工程學系,國x1.00、英x1.00、數甲x2.00、物x1.50,263.5,47.91
國立中山大學,資訊工程學系全英語學士班,英x2.00、數甲x2.00、物x1.50,262,47.64
國立中山大學,光電工程學系,英x1.00、數甲x2.00、物x2.00、化x1.00,280,46.67
國立中山大學,光電工程學系全英語組,英x1.50、數甲x2.00、物x2.00、化x1.00,300.5,46.23
國立中山大學,材料與光電科學學系甲組,英x1.00、數甲x2.00、物x2.00,240,48.00
國立中山大學,材料與光電科學學系乙組,數甲x1.00、物x2.00、化x2.00,259,51.80
國立中山大學,材料與光電科學學系全英語組,英x1.00、數甲x1.00、物x2.00、化x2.00,284,47.33
國立中山大學,企業管理學系(A組),國x1.00、英x2.00、數乙x2.00,244,48.80
國立中山大學,企業管理學系(B組),英x2.00、數乙x2.00、公x1.00,235,47.00
國立中山大學,資訊管理學系,國x1.50、英x2.00、數甲x2.00,251,45.64
國立中山大學,財務管理學系,國x1.00、英x1.00、數乙x2.00,204,51.00
國立中山大學,國際經營管理全英語學士學位學程,英x2.00、數Bx1.00、公x1.50,204.5,45.44
國立中山大學,海洋生物科技暨資源學系,英x1.00、化x1.00、生x1.00,122,40.67
國立中山大學,海洋環境及工程學系,英x1.25、數甲x1.50、物x1.50、化x1.00,220.75,42.05
國立中山大學,海洋科學系,國x1.00、英x1.25、數甲x1.25、化x1.00,191.5,42.56
國立中山大學,政治經濟學系,國x1.00、英x1.50、數乙x1.50、公x1.00,231.5,46.30
國立中山大學,社會學系,英x2.00、地x1.00、公x2.00,221,44.20
國立中山大學,人文暨科技跨領域學士學位學程,國x1.00、英x1.00、物x1.00,133,44.33
國立中山大學,"生物醫學科技學系全英語學士班生物醫
學組",英x1.50、數甲x1.00、化x1.50、生x2.00,258.5,43.08
國立中山大學,"生物醫學科技學系全英語學士班生醫工
程組",英x1.50、數甲x1.50、物x1.50、化x1.00、生x1.00,269,41.38
國立中山大學,護理學系,國x1.25、英x2.00、數Ax1.00、生x2.00,250.5,40.08
長庚大學,醫學系(自費),英x1.00、數甲x1.00、物x1.00、化x1.00、生x1.00,274,54.80
長庚大學,醫學系(公費),英x1.00、數甲x1.00、物x1.00、化x1.00、生x1.00,265,53.00
長庚大學,中醫學系,國x1.00、英x1.00、數甲x1.00、化x1.00、生x1.00,269,53.80
長庚大學,護理學系,國x1.50、英x1.50、化x1.00,163.5,40.88
長庚大學,醫學生物技術暨檢驗學系,英x1.00、化x1.50、生x1.50,184,46.00
長庚大學,醫學影像暨放射科學系,英x1.25、數甲x1.25、物x1.25、化x1.00、生x1.00,222,38.61
長庚大學,物理治療學系,國x1.00、英x1.50、物x1.00、生x1.25,235.5,49.58
長庚大學,職能治療學系,國x1.25、英x1.50、生x1.50,215.75,50.76
長庚大學,生物醫學系,英x2.00、數甲x1.00、物x1.00、化x2.00、生x2.00,293,36.62
長庚大學,呼吸治療學系,英x1.00、化x1.00、生x1.50,149.5,42.71
長庚大學,電機工程學系,國x1.00、英x1.00、數甲x1.00、物x1.00,165,41.25
長庚大學,機械工程學系,英x1.00、數甲x1.00、物x1.25,116,35.69
長庚大學,化工與材料工程學系(化學工程組),國x1.00、英x1.00、數甲x1.00、物x1.00、化x1.00,193,38.60
長庚大學,化工與材料工程學系(材料工程組),國x1.00、英x1.00、數甲x1.00、物x1.00、化x1.00,193,38.60
長庚大學,電子工程學系,英x1.00、數甲x1.00、物x1.00、化x1.00,150,37.50
長庚大學,資訊工程學系,國x1.00、英x1.00、數甲x1.00、物x1.00,159,39.75
長庚大學,生物醫學工程學系,英x1.00、數甲x1.25、物x1.00、化x1.00,163.75,38.53
長庚大學,人工智慧學系,國x1.00、英x1.00、數甲x1.50,134,38.29
長庚大學,醫務管理學系,國x1.00、英x1.50、公x1.00,129,36.86
長庚大學,工商管理學系,國x1.00、英x2.00、數乙x1.00,109,27.25
長庚大學,工業設計學系,國x1.00、英x2.00、公x1.00,117,29.25
長庚大學,資訊管理學系,國x1.00、英x1.50、數乙x2.00,165.5,36.78
長庚大學,數位金融科技學系(甲組),國x1.00、數乙x2.00、物x1.00,141,35.25
長庚大學,數位金融科技學系(乙組),國x1.00、數乙x2.00、公x1.00,132,33.00
國立臺中教育大學,全校不分系學士學位學程,國x1.00、英x1.25、數乙x1.00,129.75,39.92
國立臺中教育大學,教育學系,國x1.50、英x1.00、數Bx1.50、歷x1.00,182.5,36.50
國立臺中教育大學,特殊教育學系,國x1.50、英x1.50、公x1.00,143.5,35.88
國立臺中教育大學,幼兒教育學系,國x2.00、英x1.50、公x1.00,169.5,37.67
國立臺中教育大學,體育學系,國x2.00、數Bx2.00、生x1.00、術x2.00,292.78,41.83
國立臺中教育大學,語文教育學系,國x2.00、英x1.00、歷x1.00,153,38.25
國立臺中教育大學,區域與社會發展學系,英x1.00、地x2.00、歷x2.00、公x2.00,282,40.29
國立臺中教育大學,諮商與應用心理學系,國x2.00、英x2.00、公x1.00,218,43.60
國立臺中教育大學,美術學系,國x1.00、英x1.00、歷x1.00、術x2.00,228.7,45.74
國立臺中教育大學,音樂學系,國x1.00、英x1.00、歷x1.00、術x2.00,217.14,43.43
國立臺中教育大學,台灣語文學系,國x1.00、英x1.00、歷x1.00,94,31.33
國立臺中教育大學,英語學系,國x1.00、英x2.00、歷x1.00,146,36.50
國立臺中教育大學,數學教育學系,國x1.00、英x1.00、數Ax1.50、物x1.00,147,32.67
國立臺中教育大學,科學教育與應用學系,國x1.00、數甲x1.00、物x2.00、化x2.00,180,30.00
國立臺中教育大學,資訊工程學系,國x1.00、英x1.25、數甲x1.25,139.5,39.86
國立臺中教育大學,數位內容科技學系,國x1.00、英x1.00、數Bx1.50、物x1.00,151,33.56
國立臺中教育大學,國際企業學系,國x1.25、英x1.50、公x1.00,147.25,39.27
國立臺中教育大學,文化創意產業設計與營運學系,國x1.00、英x2.00、公x2.00,165,33.00
國立臺北教育大學,教育學系,國x1.50、英x1.50、數Bx1.25、歷x1.00、公x1.00,255.5,40.88
國立臺北教育大學,教育經營與管理學系,國x1.50、英x1.50、數Bx1.50、公x1.00,208.5,37.91
國立臺北教育大學,幼兒與家庭教育學系,國x1.50、英x1.50、數Bx1.00、歷x1.00,186.5,37.30
國立臺北教育大學,特殊教育學系(文組),國x1.50、英x2.00、數Bx1.00、地x1.50,239.5,39.92
國立臺北教育大學,特殊教育學系(理組),國x1.50、英x2.00、數Bx1.00、物x1.50,207,34.50
國立臺北教育大學,心理與諮商學系,國x1.25、英x1.25、數Bx1.50、歷x1.00、公x1.00,261.75,43.62
國立臺北教育大學,社會與區域發展學系,數乙x1.00、地x1.50、歷x1.50,174.5,43.62
國立臺北教育大學,兒童英語教育學系,國x1.00、英x2.00、數Bx1.00、歷x1.00,203,40.60
國立臺北教育大學,語文與創作學系語文師資組,國x2.00、英x1.25、數Bx1.00、歷x1.00,193.25,36.81
國立臺北教育大學,語文與創作學系文學創作組,國x2.00、英x1.25、歷x1.00,173.5,40.82
國立臺北教育大學,文化創意產業經營學系,國x1.50、英x1.50、社x1.50、地x1.00、歷x1.00,262,40.31
國立臺北教育大學,藝術與造形設計學系設計組,國x1.25、英x1.50、數Bx2.00、歷x1.00,189.75,33.00
國立臺北教育大學,藝術與造形設計學系藝術組,國x1.50、英x1.50、數Bx1.00、歷x1.00,165.5,33.10
國立臺北教育大學,數學暨資訊教育學系數學組,國x1.50、英x1.00、數甲x2.00,171,38.00
國立臺北教育大學,"數學暨資訊教育學系人工智慧與資訊教
育組",國x1.25、英x1.50、數甲x2.00,184.25,38.79
國立臺北教育大學,自然科學教育學系,英x1.00、數甲x1.00、物x2.00、化x2.00,227,37.83
國立臺北教育大學,數位科技設計學系(創意設計組),國x1.00、英x1.00、公x1.00,135,45.00
國立臺北教育大學,數位科技設計學系(資訊應用組),國x1.00、英x1.50、數甲x1.50,162.5,40.62
國立臺北教育大學,資訊科學系,國x1.00、英x2.00、數甲x2.00、物x1.00,237,39.50
國立臺北教育大學,體育學系(男),國x1.00、數Bx1.50、生x2.00、公x2.00、術x1.00,294.05,39.21
國立臺北教育大學,體育學系(女),國x1.00、數Bx1.50、生x2.00、公x2.00、術x1.00,235.2,31.36
國立臺南大學,教育學系,國x1.50、英x1.00、數Bx1.00、公x2.00,188.5,34.27
國立臺南大學,諮商與輔導學系,國x1.50、英x1.50、數Bx1.50、公x1.00,207.5,37.73
國立臺南大學,特殊教育學系,國x1.50、英x1.50、數Bx1.50、公x1.00,153,27.82
國立臺南大學,幼兒教育學系,國x2.00、英x1.50、數Bx1.00、公x1.00,163,29.64
國立臺南大學,體育學系,國x1.00、英x1.00、數Bx1.00、生x1.00、術x2.00,273.18,45.53
國立臺南大學,文化與自然資源學系,國x1.00、地x2.00、歷x2.00,210,42.00
國立臺南大學,國語文學系,國x2.00、英x1.00、歷x1.00,135,33.75
國立臺南大學,英語學系,國x1.25、英x2.00、歷x1.00,145,34.12
國立臺南大學,應用數學系,英x1.00、自x1.50、數甲x2.00,154,34.22
國立臺南大學,數位學習科技學系(數位學習系統組),國x2.00、英x2.00、數甲x1.00,192,38.40
國立臺南大學,數位學習科技學系(數位學習內容組),國x2.00、英x1.00、數Bx1.00、地x2.00,214,35.67
國立臺南大學,材料科學系,國x1.00、英x1.00、數甲x1.00、物x1.50、化x1.50,235,39.17
國立臺南大學,資訊工程學系,英x1.00、數甲x2.00、物x1.50,175.5,39.00
國立臺南大學,電機工程學系,國x1.00、英x1.50、數甲x1.00、物x1.00,188.5,41.89
國立臺南大學,綠色能源科技學系,英x1.00、數甲x1.50、物x1.50,128.5,32.12
國立臺南大學,生物科技學系,國x2.00、化x1.00、生x2.00,197,39.40
國立臺南大學,生態暨環境資源學系,國x1.00、英x1.00、地x1.00,99,33.00
國立臺南大學,音樂學系,國x1.00、英x1.00、歷x1.00,79,26.33
國立臺南大學,視覺藝術與設計學系,國x2.00、英x1.00、歷x1.00、術x2.00,242.8,40.47
國立臺南大學,戲劇創作與應用學系(男),國x2.00、英x2.00、歷x1.00,150,30.00
國立臺南大學,戲劇創作與應用學系(女),國x2.00、英x2.00、歷x1.00,165,33.00
國立臺南大學,行政管理學系,國x1.50、英x1.50、數Bx1.00、公x1.00,173.5,34.70
國立臺南大學,經營與管理學系,國x1.00、英x2.00、數Bx1.50、公x1.50,200,33.33
國立東華大學,應用數學系數學科學組,國x1.00、英x1.00、數甲x2.00,116,29.00
國立東華大學,應用數學系統計科學組,國x1.00、英x1.00、數甲x2.00,114,28.50
國立東華大學,物理學系物理組,國x1.00、英x1.00、數甲x1.00、物x1.00、化x1.00,147,29.40
國立東華大學,物理學系奈米與光電科學組,國x1.00、英x1.00、數甲x1.00、物x1.00、化x1.00,151,30.20
國立東華大學,化學系,英x1.00、數甲x1.00、物x1.00、化x2.00,135,27.00
國立東華大學,生化暨分子醫學科學系,國x1.00、英x1.75、化x1.50、生x1.75,178.5,29.75
國立東華大學,資訊工程學系資工組,國x1.00、英x1.25、數甲x1.50,135.75,36.20
國立東華大學,資訊工程學系國際組,國x1.00、英x1.50、數甲x1.25,139.75,37.27
國立東華大學,電機工程學系智慧系統組,國x1.00、英x1.00、數甲x1.00,117,39.00
國立東華大學,電機工程學系半導體工程組,國x1.00、英x1.00、數甲x1.00、物x1.00,154,38.50
國立東華大學,材料科學與工程學系,英x1.00、數甲x1.00、物x1.00、化x1.00,108,27.00
國立東華大學,光電工程學系,國x1.00、英x1.00、數甲x1.00、物x1.50、化x1.00,159.5,29.00
國立東華大學,理工學院大數據科學國際學士班,國x1.00、英x1.50、數甲x1.50,119.5,29.88
國立東華大學,企業管理學系,國x1.00、英x1.50、公x1.00,75,21.43
國立東華大學,會計學系,國x1.00、英x2.00、數Bx1.50、公x1.00,116.5,21.18
國立東華大學,資訊管理學系,國x2.00、英x2.00、公x1.00,154,30.80
國立東華大學,國際企業學系,國x1.00、英x2.00、數乙x1.75、公x1.00,109.75,19.09
國立東華大學,財務金融學系,國x1.00、英x1.00、數Bx1.50、公x1.00,122,27.11
國立東華大學,觀光暨休閒遊憩學系,國x1.50、英x2.00、數Bx1.00、地x1.50,90.5,15.08
國立東華大學,"管理學院管理科學與財金國際學士學位
學程",國x1.00、英x2.00、數乙x1.00、公x1.00,75,15.00
國立東華大學,"管理學院會計與資訊管理國際學士班會
計資訊與電腦稽核組",國x1.50、英x2.00、數Bx1.75、公x1.00,124.5,19.92
國立東華大學,"管理學院數位行銷與服務創新國際學士
班",英x2.00、數Bx1.75、公x1.00,58.5,12.32
國立東華大學,華文文學系,國x2.00、英x1.00、歷x2.00,96,19.20
國立東華大學,中國語文學系,國x2.00、社x1.00、歷x1.50,110,24.44
國立東華大學,英美語文學系,國x1.25、英x2.00、公x1.00,69.75,16.41
國立東華大學,臺灣文化學系,國x1.00、地x2.00、歷x2.00,115,23.00
國立東華大學,歷史學系,國x1.00、社x1.00、歷x2.00,128,32.00
國立東華大學,經濟學系,國x1.00、英x1.00、數Bx1.00、公x1.00,90,22.50
國立東華大學,諮商與臨床心理學系(自然組),國x1.00、英x1.50、數甲x1.50,125,31.25
國立東華大學,諮商與臨床心理學系(社會組),國x1.00、英x1.50、數Bx1.50、公x1.00,172.5,34.50
國立東華大學,社會學系,國x1.50、英x2.00、公x2.00,149,27.09
國立東華大學,公共行政學系,國x1.50、英x1.00、公x2.00,149.5,33.22
國立東華大學,法律學系,國x2.00、英x1.00、公x1.50,182.5,40.56
國立東華大學,體育與運動科學系,國x1.00、英x1.00、生x1.00,84,28.00
國立東華大學,教育與潛能開發學系,國x2.00、英x1.00、公x1.00,87,21.75
國立東華大學,教育行政與管理學系,國x2.00、英x2.00、數Bx1.50、歷x1.00、公x1.00,153.5,20.47
國立東華大學,特殊教育學系,國x1.00、歷x1.00、公x2.00,109,27.25
國立東華大學,幼兒教育學系,國x2.00、歷x1.75、公x1.75,149.25,27.14
國立東華大學,族群關係與文化學系,國x1.50、英x1.00、公x2.00,78.5,17.44
國立東華大學,民族語言與傳播學系,國x1.00、社x1.00、公x1.00,63,21.00
國立東華大學,民族發展與社會工作學系民族發展組,國x1.00、社x2.00、公x1.50,139.5,31.00
國立東華大學,民族發展與社會工作學系社會工作組,國x1.00、社x1.50、公x2.00,125.5,27.89
國立東華大學,原住民族樂舞與藝術學士學位學程,國x2.00、歷x1.00、公x2.00,-----,-----
國立東華大學,"自然資源與環境學系環境管理與環境教
育組",國x2.00、英x1.00、地x2.00,133,26.60
國立東華大學,自然資源與環境學系生態與保育組,國x2.00、英x1.00、生x2.00,163,32.60
國立東華大學,自然資源與環境學系地球科學組,國x2.00、英x1.00、化x2.00,157,31.40
國立東華大學,縱谷跨域書院學士學位學程,國x2.00、歷x1.50、公x1.75,182.5,34.76
國立東華大學,音樂學系,國x1.00、英x1.00、歷x1.00、術x2.00,48.2,9.64
國立東華大學,藝術與設計學系,國x2.00、英x1.00、歷x1.00,109,27.25
國立東華大學,藝術創意產業學系,國x2.00、歷x2.00、公x1.00,106,21.20
國立東華大學,"管理學院會計與資訊管理國際學士班智
慧會計與風險管理組",國x1.50、英x2.00、數Ax1.75、公x1.00,89.25,14.28
臺北市立大學,教育學系,國x2.00、英x2.00、數Bx2.00、地x1.00、歷x1.00,290,36.25
臺北市立大學,特殊教育學系,國x2.00、英x1.50、數Bx1.50、公x1.00,199.5,33.25
臺北市立大學,幼兒教育學系,國x2.00、英x2.00、地x1.00、歷x1.00,218,36.33
臺北市立大學,心理與諮商學系,國x1.50、英x2.00、數Bx1.50、公x1.00,252.5,42.08
臺北市立大學,學習與媒材設計學系,國x2.00、英x2.00、數Bx1.50、地x1.00、歷x1.00,259,34.53
臺北市立大學,中國語文學系,國x2.00、英x1.00、歷x1.00,156,39.00
臺北市立大學,歷史與地理學系,國x1.50、英x1.00、數Bx1.00、地x1.50、歷x1.50,246.5,37.92
臺北市立大學,英語教學系,國x1.25、英x2.00、公x1.00,169,39.76
臺北市立大學,社會暨公共事務學系,國x1.50、英x1.50、歷x1.00、公x2.00,259.5,43.25
臺北市立大學,音樂學系,國x1.00、英x1.00、歷x1.00、術x2.00,292.98,58.60
臺北市立大學,視覺藝術學系,國x2.00、英x1.00、歷x1.00、術x2.00,253,42.17
臺北市立大學,應用物理暨化學系電子物理組,國x1.00、英x1.25、數甲x1.00、物x1.50、化x1.50,256,40.96
臺北市立大學,應用物理暨化學系應用化學組,國x1.00、英x1.25、數甲x1.00、物x1.50、化x1.50,248.25,39.72
臺北市立大學,地球環境暨生物資源學系,國x1.50、英x1.50、數甲x1.00、物x1.00、化x1.50,238,36.62
臺北市立大學,數學系,英x1.00、數甲x2.00、物x1.00,141,35.25
臺北市立大學,資訊科學系,國x1.25、英x2.00、數甲x2.00、物x1.00,243,38.88
臺北市立大學,體育學系,國x1.00、英x2.00、生x1.00、術x1.50,240.56,43.74
臺北市立大學,休閒運動管理學系,國x1.00、英x1.25、公x1.00,125.5,38.62
臺北市立大學,運動健康科學系,國x1.00、英x1.50、生x1.00,141.5,40.43
臺北市立大學,城市發展學系,國x1.00、英x2.00、地x2.00,207,41.40
臺北市立大學,行銷與管理學系,國x1.00、英x2.00、數乙x2.00,213,42.60
臺北市立大學,衛生福利學系,國x1.50、英x1.50、數甲x1.00、生x1.50,195,35.45
國立屏東大學,教育學系,國x2.00、英x1.50、數Bx1.50、公x1.00,158,26.33
國立屏東大學,幼兒教育學系,國x2.00、英x1.00、公x2.00,157,31.40
國立屏東大學,特殊教育學系,國x2.00、英x1.00、公x1.00,122,30.50
國立屏東大學,教育心理與輔導學系,國x1.25、英x1.25、數Bx1.00、公x1.00,143,31.78
國立屏東大學,中國語文學系,國x2.00、英x1.00、歷x1.25,133.5,31.41
國立屏東大學,英語學系,國x1.00、英x2.00、歷x1.00,117,29.25
國立屏東大學,文化創意產業學系,國x2.00、英x1.00、歷x1.00,121,30.25
國立屏東大學,社會發展學系,國x1.00、英x1.00、公x1.00,88,29.33
國立屏東大學,應用英語學系,國x1.00、英x2.00、公x1.00,146,36.50
國立屏東大學,應用日語學系,國x2.00、英x2.00、公x1.00,181,36.20
國立屏東大學,視覺藝術學系數位媒體設計組,國x2.00、英x1.50、歷x1.50,164,32.80
國立屏東大學,商業大數據學系,國x1.00、英x1.00、數Bx1.00、公x1.00,115,28.75
國立屏東大學,行銷與流通管理學系,國x1.00、英x2.00、數Bx2.00、公x1.00,156,26.00
國立屏東大學,休閒事業經營學系,國x1.50、英x1.50、數Bx1.00、公x1.00,133.5,26.70
國立屏東大學,不動產經營學系,國x1.00、英x1.00、公x1.00,103,34.33
國立屏東大學,企業管理學系,國x1.00、英x1.50、數Bx1.50、公x1.00,154.5,30.90
國立屏東大學,國際經營與貿易學系,國x1.00、英x1.00、數Bx1.00、公x1.00,129,32.25
國立屏東大學,財務金融學系,國x1.25、英x1.25、數Bx1.25、公x1.00,165.25,34.79
國立屏東大學,會計學系,國x2.00、英x2.00、數Bx1.50、公x1.00,207,31.85
國立屏東大學,應用化學系,英x1.50、數甲x1.50、化x2.00,154.5,30.90
國立屏東大學,應用數學系,國x1.00、英x1.00、數甲x2.00,121,30.25
國立屏東大學,應用物理系半導體組,英x1.00、數甲x1.75、物x2.00,158.5,33.37
國立屏東大學,應用物理系光電暨材料組,英x1.00、數甲x1.75、物x2.00、化x1.00,172.25,29.96
國立屏東大學,科學傳播學系,國x1.50、英x1.00、自x1.25、化x1.00,151.5,31.89
國立屏東大學,智慧機器人學系,英x1.00、數Ax2.00、物x2.00,145,29.00
國立屏東大學,電腦與通訊學系,國x1.00、英x2.00、數Ax2.00、物x1.00,201,33.50
國立屏東大學,資訊工程學系,國x1.00、英x2.00、數Ax2.00、物x1.00,204,34.00
國立屏東大學,電腦科學與人工智慧學系,國x1.00、英x2.00、數甲x2.00,159,31.80
國立屏東大學,資訊管理學系,國x1.00、英x2.00、數Bx2.00、公x1.00,196,32.67
國立屏東大學,音樂學系,國x1.00、英x1.00、歷x1.00,67,22.33
國立屏東大學,體育學系,數Bx1.00、生x1.00、術x2.00,223.76,55.94
國立臺東大學,全校不分系學士學位學程,國x1.50、英x1.00、公x1.00,102.5,29.29
國立臺東大學,教育學系,國x1.50、歷x1.00、公x1.00,88,25.14
國立臺東大學,體育學系,國x2.00、英x1.50、公x1.00,100.5,22.33
國立臺東大學,幼兒教育學系,國x2.00、英x2.00、公x1.00,88,17.60
國立臺東大學,特殊教育學系,國x2.00、英x1.00、公x1.00,85,21.25
國立臺東大學,文化資源與休閒產業學系,國x1.50、歷x1.25、公x1.00,87,23.20
國立臺東大學,數位媒體與文教產業學系,國x2.00、英x1.00、公x1.00,89,22.25
國立臺東大學,公共與文化事務學系,社x2.00、歷x1.00、公x1.50,119,26.44
國立臺東大學,身心整合與運動休閒產業學系,國x1.50、英x1.00、公x1.00,87.5,25.00
國立臺東大學,英美語文學系,國x2.00、英x2.00、公x1.00,81,16.20
國立臺東大學,華語文學系,國x2.00、歷x1.50、公x1.00,118.5,26.33
國立臺東大學,美術產業學系,國x1.00、歷x1.00、公x1.00,69,23.00
國立臺東大學,音樂學系,國x2.00、英x1.50、歷x1.00,163,36.22
國立臺東大學,生命科學系,國x1.00、化x1.50、生x2.00,140.5,31.22
國立臺東大學,資訊工程學系,國x1.50、英x2.00、數甲x2.00,173.5,31.55
國立臺東大學,資訊管理學系,國x1.00、英x2.00、數Bx2.00、公x1.75,155.25,23.00
國立臺東大學,應用數學系,國x1.00、英x1.00、數甲x2.00,107,26.75
國立臺東大學,應用科學系化學及奈米科學組,數Ax1.00、物x1.00、化x2.00,108,27.00
國立臺東大學,應用科學系應用物理組,數Ax1.00、物x2.00、化x1.00,102,25.50
國立臺東大學,綠能與資訊科技學系,國x1.00、數乙x1.00、物x2.00,107,26.75
國立體育大學,體育推廣學系A,國x2.00、英x2.00、公x1.00,158,31.60
國立體育大學,體育推廣學系B,國x2.00、英x1.00、公x1.00、術x2.00,279.1,46.52
國立體育大學,運動保健學系A,國x2.00、英x2.00、自x1.00、生x1.75,246,36.44
國立體育大學,運動保健學系B,國x2.00、英x2.00、自x1.00、生x1.75、術x1.00,271.92,35.09
國立體育大學,休閒產業經營學系,國x1.00、英x1.00、地x2.00,131,32.75
國立體育大學,適應體育學系A,國x2.00、英x2.00、生x1.75,194.25,33.78
國立體育大學,適應體育學系B,國x2.00、英x2.00、公x1.75,170.75,29.70
元智大學,護理學系,國x1.00、英x1.00、生x1.00,94,31.33
元智大學,"管理學院學士班(主修：數位行銷與人力
資源)",國x2.00、社x1.75、公x1.00,170,35.79
元智大學,管理學院學士班(主修：財務金融A組),國x2.00、英x1.00、公x1.50,164,36.44
元智大學,管理學院學士班(主修：財務金融B組),國x2.00、英x1.00、歷x1.50,160.5,35.67
元智大學,管理學院學士班(主修：財務金融C組),國x2.00、英x1.00、地x1.50,159.5,35.44
元智大學,管理學院學士班(主修：國際企業管理),國x1.50、英x1.00、公x2.00,148.5,33.00
元智大學,管理學院學士班(主修：會計),國x2.00、歷x1.00、公x1.50,159.5,35.44
元智大學,管理學院學士班(英語專班),國x1.00、英x2.00、公x1.50,133,29.56
元智大學,應用外語學系,國x1.00、英x1.50、歷x1.00,102,29.14
元智大學,中國語文學系,國x2.00、英x1.00、歷x1.00,115,28.75
元智大學,社會暨政策科學學系,國x2.00、數Bx1.00、公x2.00,148,29.60
元智大學,藝術與設計學系,國x1.00、英x1.00、公x1.00,84,28.00
元智大學,人文社會學院英語學士班,國x2.00、英x1.50、公x1.00,127,28.22
元智大學,資訊管理學系(社會組),國x1.00、英x2.00、數Bx1.50、公x1.50,210.5,35.08
元智大學,資訊管理學系(自然組),國x1.50、英x2.00、數甲x1.50,189.5,37.90
元智大學,資訊傳播學系(智慧科技應用組),國x1.50、英x1.00、數Bx1.00、公x1.00,122.5,27.22
元智大學,資訊傳播學系(數位媒體設計-創作組),國x1.50、英x1.00、公x1.00,105,30.00
元智大學,資訊傳播學系(數位媒體設計-美術組),國x1.00、英x1.00、公x1.00、術x2.00,189,37.80
元智大學,資訊工程學系(資訊工程組),國x1.00、英x1.00、數甲x1.00,122,40.67
元智大學,資訊工程學系(資訊應用組),國x1.00、英x1.00、數乙x1.00,129,43.00
元智大學,資訊學院英語學士班,國x1.50、英x1.00、數乙x1.00,145,41.43
元智大學,機械工程學系,國x1.00、自x1.00、數甲x1.00、物x1.00,151,37.75
元智大學,化學工程與材料科學學系,國x1.00、數甲x1.00、物x1.00、化x1.00,144,36.00
元智大學,工業工程與管理學系(A組),國x1.00、英x1.00、數甲x1.25,110.5,34.00
元智大學,工業工程與管理學系(B組),國x1.25、英x1.00、數乙x1.00,117.5,36.15
元智大學,工程學院英語學士班,國x1.00、英x1.00、數甲x1.00,109,36.33
元智大學,電機工程學系(甲組),國x1.00、英x1.00、數甲x1.00,127,42.33
元智大學,電機工程學系(乙組),國x2.00、自x1.00、數甲x1.00,174,43.50
元智大學,電機工程學系(丙組),國x2.00、英x1.00、數甲x1.00,168,42.00
元智大學,電機通訊學院英語學士班,國x1.25、英x1.75、數甲x1.00,166,41.50
國立中正大學,中國文學系,國x2.00、英x1.25、地x1.00、歷x1.00,228.5,43.52
國立中正大學,外國語文學系,國x1.00、英x2.00、地x1.00、歷x1.00,223,44.60
國立中正大學,歷史學系,國x1.50、英x1.50、地x1.00、歷x2.00,262.5,43.75
國立中正大學,哲學系,國x1.50、英x2.00、數Bx2.00、公x1.00,250,38.46
國立中正大學,社會福利學系,國x1.00、英x1.50、數乙x1.50、公x1.50,223,40.55
國立中正大學,勞工關係學系,國x1.50、英x2.00、數乙x1.00、公x1.50,254,42.33
國立中正大學,政治學系,國x1.00、英x2.00、數Bx1.00、社x1.00、公x1.00,254,42.33
國立中正大學,傳播學系,國x1.00、英x1.00、歷x1.00、公x1.00,175,43.75
國立中正大學,經濟學系,國x1.00、英x2.00、數乙x2.00、公x1.50,294,45.23
國立中正大學,財務金融學系,國x1.00、英x2.00、數乙x2.00,238,47.60
國立中正大學,企業管理學系,國x1.50、英x2.00、數乙x2.00、地x1.00,291.5,44.85
國立中正大學,會計與資訊科技學系甲組,國x1.50、英x2.00、數Ax2.00、物x1.00,302,46.46
國立中正大學,會計與資訊科技學系乙組,國x1.50、英x2.00、數Bx2.00、公x1.00,291,44.77
國立中正大學,法律學系法學組,國x1.50、英x1.50、數乙x1.00、歷x1.00、公x1.00,274,45.67
國立中正大學,法律學系法制組,國x1.50、英x1.50、數乙x1.00、歷x1.00、公x1.00,272.5,45.42
國立中正大學,財經法律學系,國x1.50、英x1.50、數乙x1.00、歷x1.00、公x1.00,276,46.00
國立中正大學,成人及繼續教育學系,國x1.00、英x1.50、數Bx1.00、公x1.50,196,39.20
國立中正大學,犯罪防治學系,國x1.25、英x1.50、數Bx1.00、公x1.50,228,43.43
國立中正大學,紫荊不分系學士學位學程甲組,國x1.00、英x1.00、地x1.50,162,46.29
國立中正大學,紫荊不分系學士學位學程乙組,國x1.00、英x1.00、數乙x1.50,168,48.00
國立中正大學,數學系,英x1.25、數甲x2.00、物x1.00,173.75,40.88
國立中正大學,物理學系,國x1.00、英x1.25、數甲x1.50、物x1.50、化x1.00,272.5,43.60
國立中正大學,化學暨生物化學系,國x1.00、英x1.25、數甲x1.25、物x1.00、化x2.00,284,43.69
國立中正大學,地球與環境科學系,國x1.00、英x1.00、數甲x1.50、物x1.50、化x1.50,261.5,40.23
國立中正大學,資訊工程學系,國x1.00、英x1.50、數甲x1.25、物x1.00、化x1.00,265,46.09
國立中正大學,電機工程學系甲組,國x1.00、英x1.00、數甲x1.00、物x1.00、化x1.00,251,50.20
國立中正大學,電機工程學系乙組,國x1.00、英x1.00、數甲x1.00、物x1.00、化x1.00,240,48.00
國立中正大學,機械工程學系機械工程組,英x1.00、數甲x2.00、物x2.00,214,42.80
國立中正大學,機械工程學系光機電整合工程組,英x1.00、數甲x2.00、物x2.00,219,43.80
國立中正大學,機械工程國際學士學位學程,英x2.00、數甲x1.50、物x2.00,247.5,45.00
國立中正大學,化學工程學系,國x1.00、英x1.00、數甲x1.00、物x1.00、化x1.00,222,44.40
國立中正大學,通訊工程學系,國x1.00、英x1.00、數甲x1.00、物x1.00、化x1.00,229,45.80
國立中正大學,資訊管理學系,國x1.00、英x2.00、數甲x2.00、物x1.00、化x1.00,299,42.71
國立中正大學,心理學系,國x1.00、英x1.50、數甲x1.50、生x1.25,231,44.00
國立中正大學,生物醫學科學系,國x1.00、英x1.25、數甲x1.00、化x1.50、生x1.50,259.25,41.48
國立中正大學,運動競技學系,國x2.00、英x2.00、生x1.50,230,41.82
大葉大學,機械與自動化工程學系,國x2.00、英x2.00、數甲x1.75,101.75,17.70
大葉大學,電機工程學系(半導體與光電組),英x1.75、數甲x2.00、物x2.00,106.75,18.57
大葉大學,電機工程學系(智慧系統組),國x1.75、數甲x2.00、物x2.00,114.25,19.87
大葉大學,半導體學士學位學程(半導體設備組),英x1.75、數甲x2.00、物x2.00,78.75,13.70
大葉大學,半導體學士學位學程(半導體製程組),國x1.75、數甲x2.00、物x2.00,84.5,14.70
大葉大學,資訊工程學系,國x2.00、英x2.00、數甲x1.75,103.75,18.04
大葉大學,環境與安全工程學系,國x2.00、英x2.00、化x1.75,80,13.91
大葉大學,企業管理學系,國x2.00、英x1.75、公x2.00,99.25,17.26
大葉大學,"會計與資訊管理學系(人工智慧科技管理
組)",國x2.00、英x1.75、物x1.00,83.25,17.53
大葉大學,"會計與資訊管理學系(會計暨投資理財
組)",國x2.00、英x1.00、公x2.00,123,24.60
大葉大學,財務金融學系(智慧投資組),國x2.00、英x1.00、公x2.00,100,20.00
大葉大學,財務金融學系(AI金融組),國x2.00、英x2.00、物x1.75,85.75,14.91
大葉大學,設計學系,國x2.00、英x1.00、歷x2.00,98,19.60
大葉大學,"多媒體數位內容學士學位學程(動畫與影
視特效組)",國x2.00、地x2.00、歷x1.75,118.5,20.61
大葉大學,"多媒體數位內容學士學位學程(遊戲與人
工智慧應用組)",英x1.75、地x2.00、歷x2.00,99.75,17.35
大葉大學,"多媒體數位內容學士學位學程(動漫美術
與模型製作組)",國x2.00、英x1.75、歷x2.00,118,20.52
大葉大學,"多媒體數位內容學士學位學程(漫畫創作
組)",國x2.00、英x1.75、地x2.00,146.25,25.43
大葉大學,空間設計學系(建築組),國x2.00、英x1.00、地x2.00,105,21.00
大葉大學,空間設計學系(室內設計組),國x2.00、英x1.00、地x2.00,109,21.80
大葉大學,造形藝術學系,國x2.00、英x1.75、歷x2.00,-----,-----
大葉大學,應用日語學系(觀光旅遊組),國x2.00、英x1.00、公x2.00,110,22.00
大葉大學,應用日語學系(AI商務應用組),國x2.00、英x1.00、歷x2.00,94,18.80
大葉大學,生物醫學系(檢驗醫學組),國x2.00、英x2.00、數乙x1.75,88.25,15.35
大葉大學,生物醫學系(生物醫藥組),國x2.00、英x2.00、生x1.75,131.25,22.83
大葉大學,藥用植物與食品保健學系(藥粧保健組),國x1.75、英x2.00、生x2.00,96.75,16.83
大葉大學,藥用植物與食品保健學系(食藥生技組),國x2.00、英x1.75、化x1.75,99.25,18.05
大葉大學,餐旅管理學系,國x2.00、英x1.75、地x2.00,118.75,20.65
大葉大學,觀光休閒學系,國x2.00、歷x1.75、公x2.00,124,21.57
大葉大學,烘焙暨飲料調製學士學位學程,國x2.00、英x1.75、地x2.00,-----,-----
大葉大學,護理學系,國x2.00、英x2.00、生x1.75,88.75,15.43
大葉大學,運動健康管理學系,國x2.00、英x1.75、公x2.00,102.5,17.83
大葉大學,視光學系,國x2.00、英x2.00、數乙x1.75,74,12.87
大葉大學,醫學工程學系,英x1.75、數甲x2.00、物x2.00,98,17.04
大葉大學,醫學工程學系(智慧醫療組),國x2.00、英x2.00、化x1.75,113.25,19.70
大葉大學,職能治療學系A組,國x2.00、英x2.00、生x1.75,183,31.83
大葉大學,職能治療學系B組,國x2.00、英x2.00、公x1.75,130,22.61
中華大學,電機工程學系,國x2.00、英x1.00、數甲x2.00,100,20.00
中華大學,資訊工程學系,國x2.00、英x2.00、數乙x1.00,63,12.60
中華大學,光電與材料工程學系(人工智慧應用組),國x2.00、英x1.75、物x2.00,131.25,22.83
中華大學,光電與材料工程學系(生醫光電組),國x2.00、英x1.75、生x2.00,143.75,25.00
中華大學,光電與材料工程學系(半導體組),國x2.00、英x1.75、化x2.00,100,17.39
中華大學,工業管理學系(半導體產業組),物x2.00、化x2.00、公x1.75,72.75,12.65
中華大學,工業管理學系(人工智慧應用組),地x2.00、歷x2.00、公x1.75,125.5,21.83
中華大學,"資訊管理學系(人工智慧應用與資訊系統
設計組)",英x1.75、物x2.00、化x2.00,56.75,9.87
中華大學,"資訊管理學系(智慧商務與資訊管理應用
組)",地x2.00、歷x2.00、公x1.75,122.75,21.35
中華大學,企業管理學系企業管理組,地x2.00、歷x1.75、公x2.00,132.5,23.04
中華大學,企業管理學系智慧運輸與物流組,地x2.00、歷x2.00、公x1.75,113,19.65
中華大學,企業管理學系財務管理組,國x2.00、歷x1.00、公x2.00,121,24.20
中華大學,建築與都市計畫學系(第一類組),地x2.00、歷x1.00、公x2.00,93,18.60
中華大學,建築與都市計畫學系(第二類組),國x2.00、自x2.00、物x1.75,97.75,17.00
中華大學,土木工程學系,國x2.00、英x1.75、物x2.00,87,15.13
中華大學,應用日語學系,國x1.00、地x1.50、歷x1.50,78.5,19.62
中華大學,應用外語暨智慧商務學士學位學程,國x2.00、英x1.50、公x2.00,113.5,20.64
中華大學,觀光學院學士班,國x2.00、社x1.00、公x2.00,115,23.00
義守大學,電機工程學系,國x2.00、英x1.50、數甲x2.00,155.5,28.27
義守大學,電子工程學系光電半導體組,國x2.00、英x1.50、數乙x2.00,133,24.18
義守大學,電子工程學系電子智慧系統組,國x2.00、英x1.50、數甲x2.00,149.5,27.18
義守大學,資訊工程學系資訊工程組,國x2.00、英x1.50、數甲x2.00,138,25.09
義守大學,資訊工程學系資訊應用組,國x2.00、英x2.00、數乙x1.50,122,22.18
義守大學,機械與自動化工程學系,國x2.00、英x1.50、物x2.00,139.5,25.36
義守大學,化學工程學系甲組,國x2.00、英x1.75、化x2.00,148.5,25.83
義守大學,化學工程學系乙組,國x2.00、英x1.75、生x2.00,167.25,29.09
義守大學,土木工程學系,國x2.00、數甲x1.75、物x2.00,132.75,23.09
義守大學,材料科學與工程學系甲組,國x2.00、英x2.00、數甲x1.75,149.75,26.04
義守大學,材料科學與工程學系乙組,國x2.00、英x2.00、化x1.75,155.75,27.09
義守大學,智慧科技英語學士學位學程,國x2.00、英x2.00、物x1.75,126,21.91
義守大學,半導體學士學位學程,國x1.50、英x1.50、物x2.00,118.5,23.70
義守大學,資訊管理學系,國x2.00、英x1.00、歷x2.00,94,18.80
義守大學,企業管理學系,國x2.00、英x1.00、歷x2.00,95,19.00
義守大學,財務金融管理學系,國x1.50、英x1.00、數Bx1.00、歷x1.00,88,19.56
義守大學,會計學系,國x2.00、英x1.25、地x2.00,93.25,17.76
義守大學,國際商務學系,國x1.50、英x2.00、歷x1.50,88,17.60
義守大學,醫務管理學系,國x2.00、英x1.50、公x2.00,119,21.64
義守大學,餐旅管理學系,國x2.00、社x2.00、歷x1.75,128.75,22.39
義守大學,廚藝暨美食學學系,國x2.00、社x1.50、歷x1.50,116,23.20
義守大學,"國際企業經營英語學士學位學程(國際學
院)",國x2.00、英x2.00、歷x1.00,91,18.20
義守大學,"財務與商業分析英語學士學位學程(國際
學院)",國x1.00、英x2.00、歷x1.00,62,15.50
義守大學,"智慧觀光餐旅管理英語學士學位學程(國
際學院)",國x1.00、英x2.00、公x1.75,-----,-----
義守大學,"國際傳媒與娛樂管理英語學士學位學程
(國際學院)",國x1.00、英x2.00、歷x2.00,103,20.60
義守大學,應用日語學系,國x2.00、英x1.00、歷x2.00,99,19.80
義守大學,大眾傳播學系,國x2.00、社x2.00、歷x1.75,124.25,21.61
義守大學,電影與電視學系,國x2.00、社x2.00、公x1.75,141.25,24.57
義守大學,視覺藝術與設計學系,國x2.00、地x2.00、歷x1.00,143,28.60
義守大學,營養學系,國x2.00、英x1.00、生x2.00,157,31.40
義守大學,生物醫學工程學系,國x2.00、物x1.75、化x2.00,156,27.13
義守大學,醫學科學與生物科技學系醫藥組,國x2.00、英x1.75、化x2.00,168.5,29.30
義守大學,醫學科學與生物科技學系生技組,國x2.00、英x1.50、生x2.00,169.5,30.82
義守大學,護理學系,國x2.00、英x1.75、生x2.00,148.25,25.78
義守大學,醫學影像暨放射科學系,國x2.00、自x2.00、數甲x1.00、生x2.00,236,33.71
義守大學,物理治療學系,國x1.50、英x2.00、數Ax1.00、物x1.00、生x2.00,306.5,40.87
義守大學,職能治療學系,國x1.75、英x2.00、數甲x1.00、生x2.00,249.75,37.00
義守大學,醫學檢驗技術學系,國x1.00、英x2.00、化x2.00、生x2.00,233,33.29
義守大學,醫學系(公費生),英x1.50、數甲x1.00、物x1.00、化x1.00、生x1.50,319,53.17
銘傳大學,企業管理學系品牌行銷組(台北校區),國x2.00、英x1.00、歷x2.00,138,27.60
銘傳大學,企業管理學系企業管理組(台北校區),國x2.00、英x1.00、公x2.00,140,28.00
銘傳大學,企業管理學系數位經營組(台北校區),國x1.00、數Bx1.00、公x1.00,76,25.33
銘傳大學,"企業管理學系人工智慧應用組(台北校
區)",國x2.00、英x1.00、物x1.00,114,28.50
銘傳大學,會計學系會計審計組(台北校區),國x1.00、社x1.00、公x2.00,122,30.50
銘傳大學,會計學系稅務規劃組(台北校區),國x1.00、歷x1.00、公x2.00,130,32.50
銘傳大學,會計學系智慧永續組(台北校區),國x1.50、英x1.00、化x1.00,96.5,27.57
銘傳大學,財務金融學系甲組(台北校區),國x1.00、數Bx2.00、公x1.00,113,28.25
銘傳大學,財務金融學系乙組(台北校區),國x2.00、英x1.00、公x1.00,129,32.25
銘傳大學,財務金融學系丙組(台北校區),國x2.00、社x1.00、地x1.00,155,38.75
銘傳大學,財務金融學系丁組(台北校區),國x2.00、英x1.00、物x1.00,131,32.75
銘傳大學,"資訊應用與金融保險學系金融組(台北校
區)",國x2.00、社x1.00、公x1.25,134.75,31.71
銘傳大學,"資訊應用與金融保險學系資訊組(台北校
區)",國x2.00、英x1.00、物x1.00,114,28.50
銘傳大學,"國際企業學系跨境電商經營組(台北校
區)",英x1.00、歷x1.25、公x1.50,100.5,26.80
銘傳大學,"國際企業學系外貿行銷管理組(台北校
區)",國x1.00、英x1.25、歷x1.00,86,26.46
銘傳大學,國際企業學系智慧管理組(台北校區),國x1.50、英x1.00、物x1.00,99.5,28.43
銘傳大學,新媒體暨傳播管理學系(台北校區),國x2.00、英x2.00、歷x1.00,124,24.80
銘傳大學,廣播電視學系(台北校區),國x1.00、社x1.00、歷x1.00,92,30.67
銘傳大學,廣告暨策略行銷學系(台北校區),國x1.00、歷x2.00、公x2.00,149,29.80
銘傳大學,影音新聞暨社群傳播學系(台北校區),國x2.00、歷x1.00、公x1.50,132,29.33
銘傳大學,法律學系(台北校區),國x1.25、英x1.00、公x2.00,134.75,31.71
銘傳大學,財金法律學系(台北校區),國x2.00、英x2.00、公x1.50,156.5,28.45
銘傳大學,"國際企業與貿易學士學位學程(全英語授
課．台北校區)",英x2.00、地x1.00、公x1.00,77,19.25
銘傳大學,"新聞與大眾傳播學士學位學程(全英語授
課．台北校區)",英x2.00、歷x1.00、公x1.50,93.5,20.78
銘傳大學,"時尚與創新管理學士學位學程(全英語授
課．台北校區)",國x1.00、英x2.00、公x1.00,89,22.25
銘傳大學,"國際事務與外交學士學位學程(全英語授
課．桃園校區)",英x2.00、歷x1.00、公x1.00,72,18.00
銘傳大學,"資訊科技應用與管理學士學位學程(全英
語授課．桃園校區)",國x1.00、英x2.00、數乙x1.50,116.5,25.89
銘傳大學,"應用中文與華語文教學系文教傳播組(桃
園校區)",國x1.50、歷x1.00、公x1.00,93,26.57
銘傳大學,"應用中文與華語文教學系語文創作組(桃
園校區)",國x1.50、地x1.00、歷x1.00,90.5,25.86
銘傳大學,應用英語學系(桃園校區),國x1.00、英x1.00、地x1.00,67,22.33
銘傳大學,應用日語學系(桃園校區),國x1.00、歷x1.50、公x1.50,117.5,29.38
銘傳大學,商業設計學系(桃園校區),國x2.00、英x1.00、公x2.00,130,26.00
銘傳大學,"商品設計學系人工智慧應用組(桃園校
區)",國x2.00、社x1.00、歷x1.00,120,30.00
銘傳大學,"商品設計學系福祉生活設計組(桃園校
區)",國x2.00、社x1.00、公x1.00,115,28.75
銘傳大學,"商品設計學系產品行銷企劃組(桃園校
區)",國x2.00、英x1.00、公x1.00,103,25.75
銘傳大學,"數位媒體設計學系遊戲互動與AI應用組
(桃園校區)",國x2.00、社x1.00、地x1.00,130,32.50
銘傳大學,"數位媒體設計學系動畫文創組(桃園校
區)",國x2.00、社x1.00、歷x1.00,139,34.75
銘傳大學,"數位媒體設計學系影視創意組(桃園校
區)",國x2.00、社x1.00、公x1.00,120,30.00
銘傳大學,建築學系(桃園校區),國x2.00、社x1.00、公x1.00,132,33.00
銘傳大學,都市設計與永續發展學系(桃園校區),國x1.50、英x1.00、公x2.00,113,25.11
銘傳大學,觀光事業學系(桃園校區),國x1.00、社x1.00、地x1.00,92,30.67
銘傳大學,休閒遊憩管理學系(桃園校區),國x1.00、歷x1.00、公x1.25,94.75,29.15
銘傳大學,餐旅管理學系(桃園校區),國x1.00、歷x1.00、公x1.00,80,26.67
銘傳大學,犯罪防治學系(桃園校區),國x2.00、英x1.00、公x2.00,141,28.20
銘傳大學,公共事務與行政管理學系(桃園校區),國x1.00、歷x1.00、公x2.00,115,28.75
銘傳大學,諮商臨床與工商心理學系(桃園校區),國x1.00、英x2.00、社x2.00、數乙x1.00、公x2.00,198,24.75
銘傳大學,金融學系(桃園校區),國x1.00、英x1.00、公x1.50,97.5,27.86
銘傳大學,金融科技應用學系(桃園校區),國x1.50、社x1.50、物x2.00,143,28.60
銘傳大學,"資訊管理學系人工智慧應用組(桃園校
區)",國x2.00、英x1.75、公x1.75,171.75,31.23
銘傳大學,"資訊管理學系巨量資料管理組(桃園校
區)",國x2.00、數Bx1.75、公x1.75,157.75,28.68
銘傳大學,"資訊管理學系電子商務管理組(桃園校
區)",國x2.00、英x1.75、歷x1.75,158.25,28.77
銘傳大學,人工智慧應用學系(桃園校區),國x2.00、英x1.00、數乙x1.50,127,28.22
銘傳大學,資訊工程學系(桃園校區),國x1.00、數乙x1.00、物x1.00,88,29.33
銘傳大學,電機工程學系(桃園校區),國x2.00、英x1.50、數甲x2.00,165,30.00
銘傳大學,半導體應用學士學位學程(桃園校區),國x1.00、數Ax1.00、數甲x1.00,87,29.00
銘傳大學,醫療資訊與管理學系(桃園校區),國x2.00、英x1.00、公x1.00,102,25.50
銘傳大學,生物科技學系生物醫學組(桃園校區),國x1.50、英x2.00、生x2.00,159.5,29.00
銘傳大學,生物科技學系食品生技組(桃園校區),國x1.50、英x2.00、化x2.00,150.5,27.36
銘傳大學,"生物醫學工程學系專利醫材法規組(桃園
校區)",國x1.50、英x1.25、公x1.00,98.75,26.33
銘傳大學,生物醫學工程學系人工智慧醫療組(桃園校區),國x1.50、數Bx1.00、化x1.00,114,32.57
世新大學,新聞學系,國x2.00、歷x1.00、公x2.00,154,30.80
世新大學,廣播電視電影學系廣播與聲音設計組,國x2.00、英x2.00、歷x1.00、公x1.00,170,28.33
世新大學,廣播電視電影學系電視組,國x2.00、英x2.00、歷x1.00、公x1.00,174,29.00
世新大學,廣播電視電影學系電影組,國x2.00、英x2.00、歷x1.00、公x1.00,184,30.67
世新大學,圖文傳播學系,國x2.00、英x1.50、公x2.00,154.5,28.09
世新大學,公共關係暨廣告學系,國x2.00、歷x2.00、公x1.75,192,33.39
世新大學,口語傳播暨社群媒體學系,國x2.00、社x1.00、公x1.00,131,32.75
世新大學,資訊傳播學系,國x1.50、英x1.00、公x2.00,118.5,26.33
世新大學,數位多媒體設計學系,國x2.00、英x1.50、公x1.00,116,25.78
世新大學,傳播管理學系,國x2.00、歷x2.00、公x1.00,157,31.40
世新大學,資訊管理學系資訊管理組,國x1.75、英x1.50、公x2.00,131.75,25.10
世新大學,資訊管理學系人工智慧暨科技傳播組,國x1.75、英x1.50、公x2.00,124.75,23.76
世新大學,財務金融學系,國x2.00、英x1.00、公x2.00,142,28.40
世新大學,行政管理學系,社x1.50、歷x1.00、公x2.00,134.5,29.89
世新大學,觀光學系餐旅經營管理組,國x1.00、社x1.00、歷x2.00,112,28.00
世新大學,觀光學系旅遊暨休閒事業管理組,國x1.00、社x1.00、歷x2.00,114,28.50
世新大學,經濟學系,國x1.00、社x1.00、公x1.50,104.5,29.86
世新大學,企業管理學系,國x1.00、英x1.00、公x2.00,105,26.25
世新大學,社會心理學系,國x2.00、英x2.00、公x1.50,164,29.82
世新大學,英語暨傳播應用學系,國x1.50、英x2.00、歷x1.00,100,22.22
世新大學,日本語文學系,國x2.00、英x1.50、歷x1.00,119.5,26.56
世新大學,法律學系,國x1.00、英x1.00、歷x1.00、公x1.00,132,33.00
實踐大學,食品營養與保健生技學系(臺北校區),國x1.00、自x1.00、化x1.00,96,32.00
實踐大學,"食品營養與保健生技學系食品創新與科
技法律組(臺北校區)",國x1.00、英x1.00、化x1.00,83,27.67
實踐大學,社會工作學系(臺北校區),國x1.00、歷x2.00、公x2.00,150,30.00
實踐大學,家庭研究與兒童發展學系(臺北校區),國x1.00、社x1.00、公x1.00,98,32.67
實踐大學,餐飲管理學系(臺北校區),國x1.00、英x1.00、歷x1.00,78,26.00
實踐大學,音樂學系(臺北校區),國x1.00、歷x1.00、術x2.00,202.8,50.70
實踐大學,法律學系(臺北校區),國x1.50、英x1.00、公x1.00,120.5,34.43
實踐大學,服裝設計學系(臺北校區),國x2.00、英x2.00、歷x1.00,155,31.00
實踐大學,工業產品設計學系(臺北校區),國x1.00、英x2.00、歷x1.00,113,28.25
實踐大學,"媒體傳達設計學系動畫影像設計組(臺北
校區)",國x1.00、英x2.00、歷x1.00,125,31.25
實踐大學,"媒體傳達設計學系創意媒體設計組(臺北
校區)",國x1.00、英x2.00、歷x1.00,115,28.75
實踐大學,建築設計學系(臺北校區),國x2.00、英x2.00、歷x1.00,148,29.60
實踐大學,建築職人學士學位學程(臺北校區),國x2.00、社x1.00、地x1.00,115,28.75
實踐大學,會計學系(臺北校區),國x1.50、英x1.00、公x1.50,98.5,24.62
實踐大學,"國際經營與貿易學系國際貿易組(臺北校
區)",國x1.00、英x1.00、地x1.00,83,27.67
實踐大學,"國際經營與貿易學系國際企業組(臺北校
區)",國x1.00、英x1.00、公x1.00,75,25.00
實踐大學,企業管理學系社會組(臺北校區),國x1.00、社x1.00、公x1.00,87,29.00
實踐大學,企業管理學系自然組(臺北校區),國x1.00、自x1.00、化x1.00,86,28.67
實踐大學,財務金融學系(臺北校區),國x1.00、英x1.00、公x1.00,76,25.33
實踐大學,財務金融學系數位行銷設計組(臺北校區),國x1.00、英x1.00、歷x1.00,75,25.00
實踐大學,風險管理與保險學系(臺北校區),國x1.00、社x1.00、公x1.50,97.5,27.86
實踐大學,應用外語學系(臺北校區),國x1.50、英x2.00、歷x1.00,106,23.56
實踐大學,"資訊科技與管理學系人工智慧與大數據
組(臺北校區)",國x1.00、自x1.00、物x1.00,89,29.67
實踐大學,"資訊科技與管理學系數位媒體設計組(臺
北校區)",國x1.00、社x1.00、公x1.00,97,32.33
實踐大學,"資訊科技與管理學系雲端運算與物聯網
組(臺北校區)",國x1.00、自x1.00、化x1.00,89,29.67
實踐大學,國際企業英語學士學位學程(臺北校區),國x1.50、英x1.00、公x2.00,106,23.56
實踐大學,"智慧服務管理英語學士學位學程A組(臺
北校區)",國x1.00、英x1.00、公x1.00,62,20.67
實踐大學,"智慧服務管理英語學士學位學程B組(臺
北校區)",英x1.00、自x1.00、物x1.00,62,20.67
實踐大學,"東南亞智慧商務學士學位學程(高雄校
區)",國x1.00、自x1.50、社x1.00、地x1.00、歷x1.00,137,24.91
實踐大學,會計暨稅務學系財務金融組(高雄校區),國x2.00、社x2.00、公x1.00,119,23.80
實踐大學,會計暨稅務學系會計AI組(高雄校區),國x2.00、自x2.00、物x1.00,125,25.00
實踐大學,國際企業管理學系(高雄校區),國x1.50、社x1.00、歷x1.00,78.5,22.43
實踐大學,金融管理學系財務金融組(高雄校區),國x1.00、英x1.00、公x1.00,72,24.00
實踐大學,"資訊管理學系人工智慧與雲端應用組(高
雄校區)",國x1.00、自x1.75、物x1.50,94.5,22.24
實踐大學,資訊管理學系物聯網應用組(高雄校區),國x1.00、自x1.75、化x1.50,89.25,21.00
實踐大學,"資訊科技與通訊學系智慧機器人與無人
機組(高雄校區)",國x1.25、英x1.00、物x1.25,71.5,20.43
實踐大學,資訊科技與通訊學系人工智慧物聯網組 (高雄校區),國x1.25、英x1.00、化x1.25,71,20.29
實踐大學,視覺特效學士學位學程(高雄校區),國x1.25、英x1.00、物x1.25,50.25,14.36
實踐大學,"觀光管理學系自然旅遊與運動觀光組(高
雄校區)",國x1.00、社x1.00、公x1.25,68.75,21.15
實踐大學,"休閒產業管理學系環境教育與休閒規劃
設計組(高雄校區)",國x1.50、自x2.00、物x1.00,80,17.78
實踐大學,"休閒產業管理學系遊憩運動企劃組(高雄
校區)",國x2.00、自x1.50、化x1.00,119.5,26.56
實踐大學,"休閒產業管理學系精品咖啡烘培經營組
(高雄校區)",國x2.00、社x1.50、歷x1.00,108,24.00
實踐大學,應用日文學系(高雄校區),國x2.00、英x2.00、公x1.00,85,17.00
長榮大學,企業管理學系,國x2.00、英x1.00、歷x2.00,98,19.60
長榮大學,國際企業學系,國x2.00、英x1.00、地x2.00,95,19.00
長榮大學,會計資訊學系,國x1.50、英x1.00、公x2.00,76.5,17.00
長榮大學,航運管理學系,國x2.00、英x1.00、地x1.75,95,20.00
長榮大學,土地管理與開發學系,國x2.00、地x2.00、公x1.00,98,19.60
長榮大學,財務金融學系,國x2.00、英x1.00、公x2.00,88,17.60
長榮大學,觀光與餐飲管理學系,國x2.00、英x1.00、公x2.00,89,17.80
長榮大學,醫務管理學系(社會組),國x2.00、英x1.50、公x2.00,99.5,18.09
長榮大學,醫務管理學系(自然組),國x2.00、英x1.50、生x2.00,132.5,24.09
長榮大學,生物科技學系,國x2.00、英x1.00、生x2.00,127,25.40
長榮大學,健康心理學系(自然組),國x1.50、英x2.00、生x2.00,152,27.64
長榮大學,健康心理學系(社會組),國x1.50、英x2.00、公x2.00,107,19.45
長榮大學,保健營養學系,國x2.00、化x1.50、生x2.00,136,24.73
長榮大學,護理學系,國x1.50、英x2.00、生x2.00,108,19.64
長榮大學,職業安全與衛生學系(自然組),國x2.00、英x1.50、化x2.00,109.5,19.91
長榮大學,職業安全與衛生學系(社會組),國x2.00、英x1.50、歷x2.00,122,22.18
長榮大學,"食品安全衛生與檢驗學士學位學程(食品
安全管理組)",國x2.00、英x1.00、歷x2.00,103,20.60
長榮大學,"食品安全衛生與檢驗學士學位學程(食品
科技組)",國x2.00、英x1.00、化x2.00,114,22.80
長榮大學,"食品安全衛生與檢驗學士學位學程(食品
檢驗組)",國x2.00、英x1.00、生x2.00,119,23.80
長榮大學,消防安全學士學位學程(自然組),國x2.00、自x2.00、化x1.50,133.5,24.27
長榮大學,消防安全學士學位學程(社會組),國x2.00、社x2.00、公x1.50,126,22.91
長榮大學,綠能與環境資源學系(自然組),國x1.00、自x2.00、物x2.00,109,21.80
長榮大學,綠能與環境資源學系(社會組),國x1.00、社x2.00、地x2.00,117,23.40
長榮大學,營建工程安全學士學位學程,國x2.00、英x1.00、物x2.00,79,15.80
長榮大學,大眾傳播學系,國x2.00、英x1.00、歷x2.00,116,23.20
長榮大學,翻譯學系,國x2.00、英x2.00、公x1.00,83,16.60
長榮大學,社會工作學系,國x1.50、社x1.00、公x2.00,85.5,19.00
長榮大學,應用日語學系,國x2.00、英x2.00、歷x1.00,86,17.20
長榮大學,運動競技學系,國x2.00、英x1.00、歷x2.00,111,22.20
長榮大學,數位媒體設計學系數位媒體設計組,國x2.00、英x2.00、歷x1.00,79,15.80
長榮大學,數位媒體設計學系互動設計組,國x2.00、英x2.00、公x1.00,83,16.60
長榮大學,資訊工程學系,國x2.00、數Bx1.00、物x2.00,118,23.60
國立臺灣藝術大學,美術學系,國x2.00、英x2.00、地x1.00、歷x1.00、術x2.00,376.4,47.05
國立臺灣藝術大學,書畫藝術學系,國x1.00、英x1.00、歷x1.00、術x2.00,258.5,51.70
國立臺灣藝術大學,雕塑學系(男),國x2.00、英x1.50、歷x1.00、術x2.00,301.6,46.40
國立臺灣藝術大學,雕塑學系(女),國x2.00、英x1.50、歷x1.00、術x2.00,308.6,47.48
國立臺灣藝術大學,古蹟藝術修護學系,國x2.00、英x1.00、歷x1.50、術x1.75,276.18,44.19
國立臺灣藝術大學,視覺傳達設計學系,國x2.00、英x2.00、歷x1.00、術x2.00,345,49.29
國立臺灣藝術大學,工藝設計學系,國x2.00、英x2.00、歷x1.00,216,43.20
國立臺灣藝術大學,多媒體動畫藝術學系,國x2.00、英x2.00、歷x1.00、術x2.00,375,53.57
國立臺灣藝術大學,圖文傳播藝術學系,國x1.00、英x1.00、數Bx1.00、公x1.00,154,38.50
國立臺灣藝術大學,廣播電視學系,國x1.50、英x1.50、歷x1.00、公x1.00,222,44.40
國立臺灣藝術大學,電影學系,國x2.00、英x2.00、歷x1.00、公x1.00,256,42.67
國立臺灣藝術大學,戲劇學系(男),國x2.00、英x2.00、地x1.00、歷x1.00,225,37.50
國立臺灣藝術大學,戲劇學系(女),國x2.00、英x2.00、地x1.00、歷x1.00,265,44.17
國立臺灣藝術大學,音樂學系,國x1.00、英x1.00、歷x1.00、術x2.00,250.02,50.00
國立暨南國際大學,中國語文學系,國x2.00、社x1.00、歷x1.75,146.75,30.89
國立暨南國際大學,外國語文學系,國x1.50、英x2.00、歷x1.00,116,25.78
國立暨南國際大學,社會政策與社會工作學系,國x1.25、英x1.00、社x1.50、公x1.00,157,33.05
國立暨南國際大學,公共行政與政策學系,國x1.50、歷x1.00、公x1.50,152,38.00
國立暨南國際大學,歷史學系,國x1.00、英x1.25、歷x2.00,129.75,30.53
國立暨南國際大學,東南亞學系,英x1.00、歷x1.00、公x1.00,62,20.67
國立暨南國際大學,國際企業學系,國x1.00、英x1.50、數乙x1.50,105,26.25
國立暨南國際大學,經濟學系,國x1.00、英x1.50、數乙x1.50,109.5,27.38
國立暨南國際大學,資訊管理學系,國x1.50、英x2.00、數Bx2.00、公x1.00,197.5,30.38
國立暨南國際大學,財務金融學系,國x1.00、英x2.00、數乙x2.00、公x1.00,187,31.17
國立暨南國際大學,觀光休閒與餐旅管理學系觀光休閒組,國x2.00、英x2.00、公x1.50,148.5,27.00
國立暨南國際大學,觀光休閒與餐旅管理學系餐旅管理組,國x2.00、英x2.00、歷x1.50,157,28.55
國立暨南國際大學,管理學院學士班,國x1.50、英x2.00、數乙x1.00,129,28.67
國立暨南國際大學,國際文教與比較教育學系,國x1.00、英x2.00、公x1.00,96,24.00
國立暨南國際大學,教育政策與行政學系,國x2.00、社x1.00、公x1.50,147,32.67
國立暨南國際大學,"諮商心理與人力資源發展學系諮商心理
組",國x1.50、英x1.50、數乙x1.00、公x1.00,175.5,35.10
國立暨南國際大學,"諮商心理與人力資源發展學系終身學習
與人力資源發展組",國x1.50、英x1.50、公x1.00,144.5,36.12
國立暨南國際大學,教育學院學士班教育科技與數位學習組,國x2.00、數乙x1.00、公x2.00,197,39.40
國立暨南國際大學,教育學院學士班教育心理與輔導組,國x2.00、數乙x1.00、公x2.00,185,37.00
國立暨南國際大學,資訊工程學系,國x1.00、英x1.00、數甲x1.50,128.5,36.71
國立暨南國際大學,土木工程學系,英x1.00、數Ax2.00、自x1.75、物x2.00,199,29.48
國立暨南國際大學,電機工程學系甲組,英x1.00、數Ax1.00、數甲x1.00、物x1.00、化x1.00,190,38.00
國立暨南國際大學,電機工程學系乙組,國x1.00、英x1.00、物x2.00、化x1.00,201,40.20
國立暨南國際大學,電機工程學系丙組,國x1.00、英x2.00、物x1.00、化x1.00,205,41.00
國立暨南國際大學,應用化學系,英x2.00、數Ax1.00、數甲x1.00、化x2.00,186,31.00
國立暨南國際大學,應用材料及光電工程學系,英x2.00、數Ax1.00、數甲x1.00、物x2.00,189,31.50
國立暨南國際大學,科技學院學士班,英x1.00、數Ax2.00、自x1.75、物x2.00,230.75,34.19
國立暨南國際大學,護理學系,國x1.50、英x1.50、生x1.00,130.5,32.62
南華大學,財務金融學系,國x2.00、英x1.75、歷x2.00,133.25,23.17
南華大學,企業管理學系,國x2.00、英x2.00、公x1.75,92.25,16.04
南華大學,文化創意事業管理學系,國x2.00、英x1.75、歷x1.75,103.75,18.86
南華大學,旅遊管理學系AI智慧觀光暨餐旅組,國x2.00、社x2.00、歷x1.75,192.75,33.52
南華大學,管理學院國際企業學士學位學程,國x2.00、英x2.00、公x1.75,160.25,27.87
南華大學,生死學系社會工作組,國x2.00、社x2.00、公x1.75,127.75,22.22
南華大學,生死學系殯葬服務組,國x2.00、社x2.00、公x1.75,142,24.70
南華大學,生死學系諮商組,國x2.00、社x2.00、公x1.75,128.75,22.39
南華大學,幼兒教育學系,國x2.00、社x2.00、公x1.00,105,21.00
南華大學,文學系,國x2.00、歷x2.00、公x1.75,127.75,22.22
南華大學,外國語文學系,國x2.00、英x2.00、歷x1.75,104.25,18.13
南華大學,應用社會學系社會學組,國x2.00、英x2.00、歷x1.75,186.75,32.48
南華大學,應用社會學系社會工作組,國x2.00、英x2.00、歷x1.75,98,17.04
南華大學,傳播學系,國x2.00、社x2.00、歷x1.75,153,26.61
南華大學,"國際事務與企業學系人工智慧與公共治
理組",國x1.75、歷x1.50、公x2.00,137.25,26.14
南華大學,建築學系社會組,國x2.00、英x2.00、地x1.75,172.25,29.96
南華大學,建築學系自然組,國x2.00、英x2.00、物x1.75,157.5,27.39
南華大學,資訊工程學系,國x1.50、自x2.00、物x1.00,120,26.67
南華大學,自然生物科技學系,國x2.00、自x1.75、生x2.00,166.25,28.91
南華大學,資訊管理學系人工智慧組,國x1.75、自x2.00、物x2.00,137.5,23.91
南華大學,資訊管理學系大數據分析組,國x1.75、社x2.00、公x2.00,117.5,20.43
國立臺灣體育運動大學,體育學系,英x1.00、化x1.00、生x2.00、術x2.00,239.12,39.85
國立臺灣體育運動大學,休閒運動學系,國x2.00、英x2.00、地x1.00,167,33.40
國立臺灣體育運動大學,運動事業管理學系,國x2.00、英x2.00、地x1.00、歷x1.00,189,31.50
國立臺灣體育運動大學,運動健康科學學系,英x2.00、化x1.50、生x2.00,159.5,29.00
國立臺灣體育運動大學,運動資訊與傳播學系,國x2.00、英x2.00、地x1.00、歷x1.75,230.75,34.19
國立臺南藝術大學,藝術史學系,國x1.25、英x1.00、地x1.50、歷x1.50,137.5,26.19
國立臺南藝術大學,應用音樂學系,國x1.50、英x1.50、地x1.00、歷x1.00,153,30.60
國立臺南藝術大學,材質創作與設計系,國x1.50、英x1.50、歷x1.00、術x2.00,216.5,36.08
玄奘大學,社會工作學系,國x2.00、地x1.75、歷x2.00,-----,-----
玄奘大學,應用心理學系,國x2.00、地x1.75、歷x2.00,129,22.43
玄奘大學,法律學系,國x2.00、歷x1.75、公x2.00,122,21.22
玄奘大學,大眾傳播學系,國x2.00、歷x2.00、公x1.75,140.5,24.43
玄奘大學,視覺傳達設計學系,國x2.00、地x1.75、歷x1.50,110,20.95
玄奘大學,應用日語學系,國x2.00、地x1.75、歷x2.00,127.25,22.13
玄奘大學,餐旅管理學系,國x2.00、社x2.00、公x1.75,127,22.09
真理大學,企業管理學系,國x1.50、英x1.00、社x1.50、公x1.75,103.5,18.00
真理大學,法律學系法律應用實務組,國x2.00、歷x1.50、公x2.00,123,22.36
真理大學,法律學系財經科技法律組,國x1.50、社x2.00、公x2.00,166,30.18
真理大學,財務金融學系,國x1.00、社x2.00、歷x2.00,102,20.40
真理大學,國際經營與貿易學系,國x2.00、社x2.00、地x1.00,110,22.00
真理大學,經濟學系,國x1.75、社x1.75、歷x2.00,-----,-----
真理大學,觀光事業學系,國x1.00、英x1.00、地x2.00,67,16.75
真理大學,運動管理學系,國x1.00、英x1.00、社x2.00、歷x1.00,92,18.40
真理大學,運動資訊傳播學系,國x1.75、社x2.00、歷x1.25,120.5,24.10
真理大學,人文與資訊學系,國x1.75、社x2.00、歷x1.50、公x1.00,127.25,20.36
真理大學,應用日語學系,國x2.00、英x1.50、歷x1.50,89,17.80
真理大學,音樂應用學系-音樂表演與創作組,國x2.00、英x1.50、公x1.00,77,17.11
真理大學,音樂應用學系-藝術行政與經紀組,國x2.00、英x1.50、歷x1.00,81,18.00
真理大學,統計資訊與精算學系,國x2.00、數Bx2.00、公x1.00,73,14.60
真理大學,資訊工程學系人工智慧應用組,國x1.00、英x1.50、社x1.00、公x1.00,78.5,17.44
真理大學,資訊工程學系多媒體遊戲設計組,國x1.00、英x1.00、社x1.50、歷x1.50,102,20.40
真理大學,航空事業學系,國x1.25、英x1.50、公x1.00,62.5,16.67
國立臺北大學,法律學系法學組,國x1.50、英x1.50、數Bx1.50、歷x1.00、公x1.00,317,48.77
國立臺北大學,法律學系司法組,國x1.50、英x1.50、數Bx1.50、歷x1.00、公x1.00,319,49.08
國立臺北大學,法律學系財經法組,國x1.50、英x1.50、數Bx1.50、歷x1.00、公x1.00,322,49.54
國立臺北大學,企業管理學系,國x1.50、英x2.00、數乙x2.00、公x1.00,306.5,47.15
國立臺北大學,金融與合作經營學系,國x1.50、英x2.00、數乙x2.00、公x1.00,326,50.15
國立臺北大學,會計學系,國x1.00、英x2.00、數乙x2.00、公x1.00,288,48.00
國立臺北大學,統計學系,國x1.50、英x1.75、數乙x2.00,257.75,49.10
國立臺北大學,休閒運動管理學系,國x1.50、英x2.00、數Bx2.00、公x1.00,271.5,41.77
國立臺北大學,公共行政暨政策學系,國x1.50、英x1.00、數Bx1.00、社x1.50、公x2.00,320.5,45.79
國立臺北大學,財政學系,英x1.25、數乙x1.25、地x1.00、公x1.00,221,49.11
國立臺北大學,不動產與城鄉環境學系,國x1.00、英x1.50、數Bx1.50、地x1.00,224,44.80
國立臺北大學,經濟學系,國x1.00、英x1.50、數Ax2.00、公x1.00,231,42.00
國立臺北大學,社會學系,國x1.00、英x1.50、數Bx1.00、公x1.00,194.5,43.22
國立臺北大學,社會工作學系,國x1.50、英x1.25、數Bx1.00、歷x1.00、公x1.25,261,43.50
國立臺北大學,中國文學系,國x2.00、英x1.50、地x1.00、歷x1.25,257.25,44.74
國立臺北大學,應用外語學系,國x1.50、英x2.00、地x1.00、歷x1.00,252.5,45.91
國立臺北大學,歷史學系,國x1.25、英x1.25、地x1.00、歷x1.50、公x1.00,276.25,46.04
國立臺北大學,資訊工程學系,國x1.00、英x1.25、數甲x1.50、物x1.25、化x1.00,264,44.00
國立臺北大學,通訊工程學系,英x1.00、數甲x1.00、物x1.00,134,44.67
國立臺北大學,電機工程學系,國x1.00、英x1.00、數甲x1.00、物x1.00、化x1.00,228,45.60
國立嘉義大學,教育學系,國x1.50、英x1.50、數Bx1.50、歷x1.00、公x1.00,194.5,29.92
國立嘉義大學,輔導與諮商學系,國x1.50、英x1.50、數Bx1.50、公x1.00,192.5,35.00
國立嘉義大學,體育與健康休閒學系,國x1.00、英x1.00、公x1.00,91,30.33
國立嘉義大學,特殊教育學系,國x2.00、地x1.00、公x2.00,187,37.40
國立嘉義大學,幼兒教育學系,國x1.50、英x1.50、數Bx1.00、公x1.00,124.5,24.90
國立嘉義大學,"數位學習設計與管理學系(媒體互動設計
組)",國x1.50、英x1.50、公x1.00,129,32.25
國立嘉義大學,"數位學習設計與管理學系(資訊科技與管
理組)",國x1.50、英x1.50、物x1.00,140.5,35.12
國立嘉義大學,中國文學系,國x2.00、地x1.00、歷x1.50,132.5,29.44
國立嘉義大學,視覺藝術學系,國x2.00、英x1.00、歷x1.00、術x2.00,227,37.83
國立嘉義大學,應用歷史學系,國x1.25、地x1.25、歷x1.50,132.25,33.06
國立嘉義大學,外國語言學系英語教學組,國x1.25、英x2.00、歷x1.00,100.75,23.71
國立嘉義大學,外國語言學系應用外語組,國x1.50、英x2.00、歷x1.00,138.5,30.78
國立嘉義大學,音樂學系,國x1.00、英x1.00、歷x1.00、術x2.00,218.28,43.66
國立嘉義大學,企業管理學系,國x1.00、英x1.00、公x1.00,101,33.67
國立嘉義大學,應用經濟學系,國x1.00、英x1.50、數乙x1.50、公x1.00,165.5,33.10
國立嘉義大學,科技管理學系,國x1.50、英x2.00、公x1.00,136,30.22
國立嘉義大學,資訊管理學系(自然組),國x1.00、英x2.00、數甲x2.00,183,36.60
國立嘉義大學,資訊管理學系(社會組),國x1.00、英x2.00、數Bx2.00、公x1.00,214,35.67
國立嘉義大學,行銷與觀光管理學系,國x1.00、英x2.00、數乙x1.00、公x2.00,159,26.50
國立嘉義大學,財務金融學系,國x1.50、英x2.00、數乙x2.00、公x1.00,247,38.00
國立嘉義大學,農藝學系,國x1.00、英x1.50、生x2.00,131.5,29.22
國立嘉義大學,園藝學系,國x1.00、英x1.50、生x2.00,130,28.89
國立嘉義大學,森林暨自然資源學系,國x1.00、英x1.50、生x2.00,133,29.56
國立嘉義大學,木質材料與設計學系,英x1.50、物x1.50、化x2.00,130.5,26.10
國立嘉義大學,動物科學系,國x1.00、英x1.50、數Ax1.00、化x1.50、生x1.50,228.5,35.15
國立嘉義大學,農業生物科技學系,國x1.00、英x1.50、化x1.50、生x1.50,158,28.73
國立嘉義大學,景觀學系(社會組),國x1.00、英x1.00、地x1.50,114,32.57
國立嘉義大學,景觀學系(自然組),國x1.00、英x1.00、生x1.50,107.5,30.71
國立嘉義大學,植物醫學系,國x1.00、英x1.50、化x1.50、生x1.50,165,30.00
國立嘉義大學,電子物理學系,英x1.00、數Ax1.00、物x1.00,109,36.33
國立嘉義大學,應用化學系,國x1.00、英x1.00、數Ax1.00、化x1.50,166,36.89
國立嘉義大學,應用數學系,英x1.00、數甲x2.00、物x1.00,118,29.50
國立嘉義大學,資訊工程學系,國x1.00、英x1.00、數Ax1.00、物x1.00,155,38.75
國立嘉義大學,生物機電工程學系,國x1.00、英x1.25、數Ax1.00、物x1.50,161.75,34.05
國立嘉義大學,土木與水資源工程學系,國x1.00、英x1.00、數Ax1.00、物x1.00,124,31.00
國立嘉義大學,電機工程學系,國x1.00、英x1.00、數Ax1.00、物x1.00,158,39.50
國立嘉義大學,機械與能源工程學系,國x1.00、英x1.00、數Ax1.00、物x2.00,176,35.20
國立嘉義大學,食品科學系,國x1.00、英x1.50、化x1.50、生x1.50,166,30.18
國立嘉義大學,水生生物科學系,國x1.00、英x2.00、化x1.50、生x2.00,182.5,28.08
國立嘉義大學,生物資源學系,國x1.00、英x1.50、生x2.00,154,34.22
國立嘉義大學,生化科技學系,國x1.00、英x1.50、化x1.50、生x1.50,186.5,33.91
國立嘉義大學,微生物免疫與生物藥學系,國x1.00、英x1.50、化x1.75、生x1.75,211,35.17
國立嘉義大學,獸醫學系,國x1.00、英x1.25、數甲x1.00、化x1.25、生x1.25,285.75,49.70
國立高雄大學,西洋語文學系,國x1.00、英x2.00、歷x1.00,150,37.50
國立高雄大學,運動健康與休閒學系,國x2.00、英x1.00、公x1.00,136,34.00
國立高雄大學,東亞語文學系日語組,國x2.00、英x2.00、地x1.00、歷x1.00,256,42.67
國立高雄大學,東亞語文學系韓語組,國x2.00、英x2.00、地x1.00、歷x1.00,256,42.67
國立高雄大學,東亞語文學系越語組,國x2.00、英x2.00、地x1.00、歷x1.00,198,33.00
國立高雄大學,工藝與創意設計學系,國x2.00、英x1.50、歷x2.00,209.5,38.09
國立高雄大學,建築學系,國x2.00、英x2.00、數甲x1.50、物x1.00,254.5,39.15
國立高雄大學,法律學系,國x1.25、英x1.25、歷x1.00、公x1.00,202.75,45.06
國立高雄大學,政治法律學系,國x1.25、英x1.50、歷x1.00、公x1.00,212,44.63
國立高雄大學,財經法律學系,國x1.25、英x1.25、公x1.00,156,44.57
國立高雄大學,應用經濟學系,國x1.50、英x2.00、社x1.00、數乙x2.00,269.5,41.46
國立高雄大學,亞太工商管理學系企業管理組,英x1.25、數Bx1.25、公x1.00,129,36.86
國立高雄大學,亞太工商管理學系工業管理組,英x1.25、數Ax1.25、物x1.00,116,33.14
國立高雄大學,資訊管理學系,國x1.00、英x1.50、數乙x1.50,168,42.00
國立高雄大學,財務金融學系,國x1.00、英x1.50、數乙x1.50、公x1.00,216,43.20
國立高雄大學,應用數學系,國x1.50、英x1.00、數甲x2.00,167,37.11
國立高雄大學,應用化學系,數甲x1.00、物x1.00、化x2.00,164,41.00
國立高雄大學,應用物理學系,國x1.00、英x1.00、數甲x1.50、物x2.00,214,38.91
國立高雄大學,生命科學系,英x1.25、化x1.50、生x1.50,144.75,34.06
國立高雄大學,電機工程學系,國x1.00、英x1.50、數甲x1.50、物x1.50、化x1.00,267,41.08
國立高雄大學,土木與環境工程學系,國x1.00、英x1.00、數甲x2.00、物x1.50、化x1.50,248,35.43
國立高雄大學,化學工程及材料工程學系,國x1.00、英x1.25、數甲x1.00、物x1.25、化x1.50,252.75,42.12
國立高雄大學,資訊工程學系,國x1.00、英x2.00、數甲x2.00、物x1.00,251,41.83
慈濟大學,醫學系(自費),英x1.00、數甲x1.00、物x1.00、化x1.00、生x1.00,267,53.40
慈濟大學,醫學系(公費),英x1.00、數甲x1.00、物x1.00、化x1.00、生x1.00,264,52.80
慈濟大學,藥學系,國x1.00、英x1.00、數甲x1.00、化x1.25、生x1.25,284,51.64
慈濟大學,醫學檢驗生物技術學系,英x1.00、化x1.50、生x1.50,151,37.75
慈濟大學,物理治療學系,英x2.00、自x1.00、生x1.00,192,48.00
慈濟大學,公共衛生學系,國x1.00、英x1.00、化x1.00,83,27.67
慈濟大學,分子生物暨人類遺傳學系,國x1.00、英x2.00、生x2.00,148,29.60
慈濟大學,醫學影像暨放射科學系,國x1.00、英x1.00、生x1.00,118,39.33
慈濟大學,護理學系,國x1.00、英x2.00、生x2.00,78,15.60
慈濟大學,醫學資訊學系,國x1.50、英x2.00、物x1.75,102.75,19.57
慈濟大學,生物醫學暨工程學系,英x1.00、物x1.50、化x2.00,95,21.11
慈濟大學,傳播學系,國x2.00、英x1.00、公x1.00,93,23.25
慈濟大學,兒童發展與家庭教育學系,國x2.00、英x1.50、公x2.00,105.5,19.18
慈濟大學,社會工作學系,國x1.00、社x1.50、公x1.50,90.5,22.62
慈濟大學,人類發展與心理學系,國x2.00、英x1.50、公x1.50,141,28.20
慈濟大學,東方語文學系,國x2.00、社x1.00、公x1.00,79,19.75
慈濟大學,外國語文學系,國x1.50、英x2.00、公x1.00,101,22.44
慈濟大學,資訊科技與管理學系,國x2.00、自x1.00、數甲x1.00,143,35.75
慈濟大學,醫務暨健康管理學系,國x1.00、歷x1.00、公x1.00,-----,-----
慈濟大學,經營管理學系,國x2.00、社x1.00、公x1.00,-----,-----
慈濟大學,國際服務產業管理學士學位學程,國x1.00、英x2.00、公x1.00,-----,-----
臺北醫學大學,醫學系(自費),英x1.00、數甲x1.00、物x1.00、化x1.00、生x1.00,278,55.60
臺北醫學大學,醫學系(公費),英x1.00、數甲x1.00、物x1.00、化x1.00、生x1.00,266,53.20
臺北醫學大學,牙醫學系,英x1.00、數甲x1.00、物x1.00、化x1.00、生x1.00,276,55.20
臺北醫學大學,藥學系藥學組,國x1.00、英x1.75、數甲x1.00、化x1.25、生x2.00,369.5,52.79
臺北醫學大學,藥學系臨床藥學組,國x1.00、英x1.75、數甲x1.00、化x1.25、生x2.00,371.75,53.11
臺北醫學大學,醫學檢驗暨生物技術學系,國x1.00、英x1.50、化x1.50、生x1.50,273,49.64
臺北醫學大學,護理學系,國x1.00、英x1.50、數甲x1.00、生x1.50,219.5,43.90
臺北醫學大學,保健營養學系,英x2.00、數甲x1.00、化x2.00、生x1.50,278,42.77
臺北醫學大學,公共衛生學系,英x1.25、數甲x1.00、化x1.00、生x1.00,172.5,40.59
臺北醫學大學,醫務管理學系,國x1.25、英x1.50、數Bx1.25、公x1.00,199.25,39.85
臺北醫學大學,呼吸治療學系,英x1.50、化x1.25、生x1.25,187.5,46.88
臺北醫學大學,高齡健康暨長期照護學系,國x1.00、英x1.00、生x1.00,130,43.33
臺北醫學大學,牙體技術學系,國x1.00、英x1.50、化x1.25、生x1.25,249,49.80
臺北醫學大學,口腔衛生學系,國x1.00、英x1.00、生x1.00,139,46.33
臺北醫學大學,生物醫學工程學系,英x1.00、數Ax1.00、生x2.00,187,46.75
臺北醫學大學,食品安全學系,國x1.00、英x1.50、數Ax1.00、化x1.50、生x1.50,274.5,42.23
康寧大學,嬰幼兒保育學系(台北校區),地x1.00、歷x1.00、公x2.00,103,25.75
康寧大學,長期照護學系(台北校區),地x1.00、歷x1.00、公x2.00,100,25.00
佛光大學,建築環境設計學士學位學程(社會組),國x2.00、歷x1.75、公x2.00,162.5,28.26
佛光大學,建築環境設計學士學位學程(自然組),國x2.00、英x2.00、物x1.75,122,21.22
佛光大學,傳播學系(數位媒體與智能創作組),國x2.00、英x1.75、歷x2.00,-----,-----
佛光大學,傳播學系(廣告公關與精準行銷組),國x2.00、社x2.00、公x1.75,117.5,20.43
佛光大學,傳播學系(流行音樂傳播與策展組),國x2.00、歷x2.00、公x1.75,-----,-----
佛光大學,資訊應用學系(資訊系統與AI應用組),國x2.00、英x1.00、物x2.00,81,16.20
佛光大學,資訊應用學系(動畫與視覺特效組),地x1.75、歷x2.00、公x2.00,187.25,32.57
佛光大學,資訊應用學系(數位遊戲開發組),國x2.00、物x2.00、化x1.00,99,19.80
佛光大學,資訊應用學系(虛擬製作與互動科技組),國x2.00、英x2.00、物x2.00、化x1.00,97,13.86
佛光大學,歷史學系,社x1.75、地x2.00、歷x2.00,140.25,24.39
佛光大學,語文學系(應用英日語組),國x2.00、英x2.00、歷x1.75,115.75,20.13
佛光大學,語文學系(應用英韓語組),國x2.00、英x2.00、公x1.75,-----,-----
佛光大學,語文學系(歷史與文化傳播組),地x2.00、歷x2.00、公x1.75,114,19.83
佛光大學,社會學暨社會工作學系,國x2.00、社x2.00、公x1.75,127.25,22.13
佛光大學,心理學系,國x2.00、英x2.00、數乙x1.75,104.5,18.17
佛光大學,公共行政與國際事務學系,社x2.00、歷x1.75、公x2.00,115.75,20.13
佛光大學,管理學系,國x2.00、社x2.00、公x1.75,132,22.96
佛光大學,應用經濟學系(財務金融組),地x1.75、歷x2.00、公x2.00,130.5,22.70
佛光大學,應用經濟學系(國際商務組),國x1.75、社x2.00、公x2.00,142.5,24.78
佛光大學,樂活產業學系,國x2.00、社x2.00、公x1.75,-----,-----
佛光大學,健康與創意蔬食產業學系,國x2.00、社x1.75、公x2.00,-----,-----
亞洲大學,"健康產業管理學系(跨領域高齡智慧照顧
組)",國x2.00、歷x1.00、公x2.00,162,32.40
亞洲大學,健康產業管理學系(醫療機構管理組),國x2.00、英x1.00、歷x2.00,145,29.00
亞洲大學,食品營養與保健生技學系(食品營養組),國x2.00、英x2.00、生x1.00,186,37.20
亞洲大學,"食品營養與保健生技學系(藥用化粧品醫
美組)",國x2.00、英x2.00、化x1.00,155,31.00
亞洲大學,醫學檢驗暨生物技術學系(醫事檢驗組),國x2.00、英x1.00、化x1.00、生x2.00,232,38.67
亞洲大學,醫學檢驗暨生物技術學系(生物技術組),國x1.50、英x2.00、生x2.00,216,39.27
亞洲大學,心理學系(心理師研修組),國x2.00、英x2.00、生x1.00,190,38.00
亞洲大學,心理學系(諮商與臨床心理組),國x2.00、英x2.00、公x1.00,177,35.40
亞洲大學,心理學系(工商與社會心理組),國x2.00、英x2.00、歷x1.00,168,33.60
亞洲大學,視光學系,國x2.00、英x1.50、生x1.50,191.5,38.30
亞洲大學,聽力暨語言治療學系,國x1.00、英x2.00、生x2.00,208,41.60
亞洲大學,職能治療學系,國x1.00、英x2.00、生x2.00,209,41.80
亞洲大學,物理治療學系,國x1.00、英x2.00、生x2.00,234,46.80
亞洲大學,護理學系(國際護理組),國x2.00、英x2.00、數乙x1.50,145.5,26.45
亞洲大學,護理學系(智慧護理組),國x2.00、英x1.50、公x2.00,189.5,34.45
亞洲大學,護理學系(臨床照護組),國x2.00、英x1.50、化x2.00,164,29.82
亞洲大學,長期照護學系,國x1.50、歷x1.00、公x1.50,95.5,23.88
亞洲大學,生物資訊與醫學工程學系(生醫資訊組),國x2.00、英x1.00、化x2.00,170,34.00
亞洲大學,生物資訊與醫學工程學系(醫學工程組),國x2.00、英x1.00、物x2.00,163,32.60
亞洲大學,資訊工程學系(人工智慧與機器人組),國x2.00、數Ax1.00、物x1.00,132,33.00
亞洲大學,資訊工程學系(半導體資訊組),英x1.00、數Ax2.00、物x2.00,135,27.00
亞洲大學,人工智慧學系,國x2.00、英x1.00、歷x2.00,137,27.40
亞洲大學,資訊傳播學系,國x2.00、英x1.00、歷x2.00,137,27.40
亞洲大學,經營管理學系(行銷與企業管理組),國x2.00、英x1.00、公x1.00,109,27.25
亞洲大學,經營管理學系(休閒遊憩管理組),國x2.00、英x1.00、歷x1.00,107,26.75
亞洲大學,會計與資訊學系,國x2.00、歷x1.00、公x1.00,116,29.00
亞洲大學,財務金融學系(智能投資組),國x2.00、社x1.00、公x1.00,122,30.50
亞洲大學,財務金融學系(金融科技組),國x2.00、英x1.00、公x1.00,112,28.00
亞洲大學,財經法律學系,國x2.00、歷x1.00、公x2.00,159,31.80
亞洲大學,社會工作學系(兒少與家庭社工組),國x2.00、英x1.00、公x2.00,121,24.20
亞洲大學,社會工作學系(醫務與心衛社工組),國x2.00、英x1.00、歷x2.00,128,25.60
亞洲大學,幼兒教育學系(師資培育學系),國x2.00、英x1.00、歷x1.00,107,26.75
亞洲大學,數位媒體設計學系(動漫遊戲組),國x2.00、英x1.00、歷x2.00,154,30.80
亞洲大學,數位媒體設計學系(視覺傳達組),國x2.00、英x1.00、公x2.00,138,27.60
亞洲大學,創意商品設計學系,國x2.00、英x1.00、公x2.00,116,23.20
亞洲大學,時尚設計學系,國x2.00、英x1.00、公x2.00,118,23.60
亞洲大學,室內設計學系(商業空間組),英x1.50、地x1.00、歷x2.00,133.5,29.67
亞洲大學,室內設計學系(住宅空間組),國x1.00、英x1.50、歷x2.00,131.5,29.22
國立宜蘭大學,外國語文學系,國x1.50、英x2.00、歷x1.00,126,28.00
國立宜蘭大學,應用經濟與管理學系,國x1.00、英x1.50、數Bx1.00、公x1.50,131,26.20
國立宜蘭大學,休閒產業與健康促進學系,國x1.00、英x1.50、地x2.00,128,28.44
國立宜蘭大學,土木工程學系,國x1.50、數甲x1.00、物x2.00,135.5,30.11
國立宜蘭大學,機械與機電工程學系,國x1.00、英x1.00、數甲x1.00、物x1.50,143,31.78
國立宜蘭大學,化學工程與材料工程學系,英x1.00、數甲x1.50、物x1.50、化x1.50,161.5,29.36
國立宜蘭大學,環境工程學系,國x2.00、英x1.00、數甲x1.00、化x2.00,185,30.83
國立宜蘭大學,生物機電工程學系,國x1.00、英x1.00、數甲x1.00、物x1.00,126,31.50
國立宜蘭大學,食品科學系,國x1.00、英x1.00、自x2.00、化x2.00,184,30.67
國立宜蘭大學,生物技術與動物科學系,國x1.00、英x1.00、化x1.00、生x2.00,146,29.20
國立宜蘭大學,森林暨自然資源學系,國x1.50、化x1.00、生x1.50,127,31.75
國立宜蘭大學,園藝學系,國x1.00、自x1.00、化x2.00,114,28.50
國立宜蘭大學,電機工程學系,國x1.00、英x1.00、數甲x2.00、物x1.00,173,34.60
國立宜蘭大學,電子工程學系,國x1.00、英x1.00、數甲x1.50、物x1.50,166,33.20
國立宜蘭大學,資訊工程學系,國x1.00、英x1.50、數甲x1.00、物x1.00,161.5,35.89
國立聯合大學,機械工程學系,國x1.00、數Ax2.00、物x2.00,144,28.80
國立聯合大學,化學工程學系,國x1.00、數Ax2.00、物x2.00、化x2.00,208,29.71
國立聯合大學,材料科學工程學系,國x1.00、英x1.00、數Ax1.00、物x1.00、化x1.00,153,30.60
國立聯合大學,環境與安全衛生工程學系,國x1.00、數Ax1.00、化x1.50,99.5,28.43
國立聯合大學,土木與防災工程學系,國x1.00、數Ax1.50、物x1.50,111,27.75
國立聯合大學,能源工程學系,數Ax1.00、物x1.00、化x1.00,79,26.33
國立聯合大學,建築學系,國x2.00、英x1.50、物x1.00,140.5,31.22
國立聯合大學,工業設計學系,國x2.00、英x2.00、數Bx1.00、公x1.00,144,24.00
國立聯合大學,電機工程學系,英x1.00、數甲x1.50、物x1.50,118,29.50
國立聯合大學,電子工程學系(甲組),國x1.50、英x1.00、數Ax2.00、物x1.50,191.5,31.92
國立聯合大學,電子工程學系(乙組),國x1.50、英x1.00、數Ax2.00、化x1.50,188.5,31.42
國立聯合大學,光電工程學系,國x1.00、數甲x2.00、物x1.50、化x1.50,167,27.83
國立聯合大學,資訊工程學系,國x1.75、英x2.00、數甲x2.00,186.5,32.43
國立聯合大學,經營管理學系,國x1.50、英x1.00、數乙x1.00、公x1.50,114,22.80
國立聯合大學,財務金融學系,國x1.00、英x1.50、數Bx1.50、公x1.00,125.5,25.10
國立聯合大學,資訊管理學系,國x2.00、英x1.75、數乙x2.00,174.25,30.30
國立聯合大學,臺灣語文與傳播學系,國x2.00、英x2.00、歷x1.50,109.5,19.91
國立聯合大學,華語文學系,國x2.00、社x1.00、公x1.00,92,23.00
國立聯合大學,文化觀光產業學系,國x2.00、英x2.00、歷x1.00,119,23.80
國立聯合大學,文化創意與數位行銷學系,國x2.00、英x1.00、歷x2.00,150,30.00
馬偕醫學院,醫學系,英x1.00、數甲x1.00、物x1.00、化x1.00、生x1.00,270,54.00
馬偕醫學院,護理學系,國x1.50、英x1.50、化x1.00、生x1.50,168,30.55
馬偕醫學院,聽力暨語言治療學系聽力組,國x1.00、英x1.50、數Ax1.00、物x1.50、生x1.50,220,33.85
馬偕醫學院,聽力暨語言治療學系語言組,國x1.25、英x1.25、數Ax1.00、物x1.00、生x1.50,232,38.67
馬偕醫學院,視光學系,國x1.00、英x1.50、物x1.25、生x1.50,172.5,32.86
馬偕醫學院,醫學檢驗暨再生醫學學系,國x1.00、英x1.00、化x1.50、生x1.50,215,43.00
國立金門大學,應用英語學系,國x2.00、英x2.00、歷x1.00,116,23.20
國立金門大學,運動與休閒學系,國x2.00、社x1.50、歷x2.00,117.5,21.36
國立金門大學,企業管理學系,國x2.00、英x1.00、公x1.50,80.5,17.89
國立金門大學,電機工程學系,國x2.00、物x2.00、化x1.00,149,29.80
國立金門大學,食品科學系(A組),國x2.00、自x1.00、化x1.00、生x1.00,146,29.20
國立金門大學,食品科學系(B組),國x2.00、數乙x1.00、化x1.00,86,21.50
國立金門大學,土木與工程管理學系,國x2.00、英x1.00、物x2.00,136,27.20
國立金門大學,觀光管理學系,國x2.00、英x1.25、歷x1.50,85.25,17.95
國立金門大學,資訊工程學系,國x1.00、自x2.00、數甲x2.00,143,28.60
國立金門大學,建築學系,國x2.00、社x2.00、歷x1.75,133.25,23.17
國立金門大學,國際暨大陸事務學系,國x2.00、社x1.00、公x2.00,98,19.60
國立金門大學,華語文學系,國x2.00、英x1.00、歷x1.00,129,32.25
國立金門大學,海洋與邊境管理學系,國x2.00、社x1.00、公x2.00,103,20.60
國立金門大學,工業工程與管理學系(管理科學組),國x2.00、英x1.00、公x1.00,79,19.75
國立金門大學,工業工程與管理學系(智慧製造組),國x2.00、英x1.00、數乙x1.00,68,17.00
國立金門大學,都市計畫與景觀學系,國x1.00、社x1.00、地x1.50,84,24.00
國立金門大學,社會工作學系,國x1.00、社x1.25、公x2.00,97,22.82
國立金門大學,長期照護學系,國x2.00、社x1.75、公x1.50,117,22.29
國立金門大學,護理學系(A組),國x2.00、英x1.00、生x1.50,118,26.22
國立金門大學,護理學系(B組),國x2.00、英x1.00、公x1.50,113,25.11
